epoch,step,test_accuracy,test_loss,train_accuracy_epoch,train_accuracy_step,train_loss,valid_accuracy,valid_loss
0,4,,,,0.28125,,,
0,9,,,,0.6875,,,
0,14,,,,0.53125,,,
0,19,,,,0.59375,,,
0,24,,,,0.5625,,,
0,29,,,,0.4375,,,
0,34,,,,0.46875,,,
0,39,,,,0.34375,,,
0,44,,,,0.625,,,
0,49,,,,0.5,,,
0,54,,,,0.5,,,
0,59,,,,0.53125,,,
0,64,,,,0.5,,,
0,69,,,,0.46875,,,
0,74,,,,0.5625,,,
0,79,,,,0.5,,,
0,84,,,,0.375,,,
0,89,,,,0.625,,,
0,94,,,,0.53125,,,
0,99,,,,0.5,,,
0,104,,,,0.5,,,
0,109,,,,0.40625,,,
0,114,,,,0.40625,,,
0,119,,,,0.59375,,,
0,124,,,,0.59375,,,
0,129,,,,0.5625,,,
0,134,,,,0.625,,,
0,139,,,,0.65625,,,
0,144,,,,0.5,,,
0,149,,,,0.5,,,
0,154,,,,0.5,,,
0,159,,,,0.4375,,,
0,164,,,,0.59375,,,
0,169,,,,0.65625,,,
0,174,,,,0.5625,,,
0,179,,,,0.4375,,,
0,184,,,,0.6875,,,
0,189,,,,0.53125,,,
0,194,,,,0.59375,,,
0,199,,,,0.53125,,,
0,204,,,,0.78125,,,
0,209,,,,0.46875,,,
0,214,,,,0.59375,,,
0,219,,,,0.53125,,,
0,224,,,,0.75,,,
0,229,,,,0.6875,,,
0,234,,,,0.59375,,,
0,239,,,,0.3125,,,
0,244,,,,0.4375,,,
0,249,,,,0.5,,,
0,254,,,,0.46875,,,
0,259,,,,0.53125,,,
0,264,,,,0.625,,,
0,269,,,,0.5625,,,
0,274,,,,0.53125,,,
0,279,,,,0.5625,,,
0,284,,,,0.53125,,,
0,289,,,,0.53125,,,
0,294,,,,0.65625,,,
0,299,,,,0.5625,,,
0,304,,,,0.59375,,,
0,309,,,,0.625,,,
0,312,,,,,,0.5580000281333923,0.6800591945648193
0,312,,,0.5453000068664551,,0.6899623870849609,,
1,314,,,,0.53125,,,
1,319,,,,0.46875,,,
1,324,,,,0.53125,,,
1,329,,,,0.65625,,,
1,334,,,,0.5625,,,
1,339,,,,0.53125,,,
1,344,,,,0.625,,,
1,349,,,,0.65625,,,
1,354,,,,0.4375,,,
1,359,,,,0.75,,,
1,364,,,,0.625,,,
1,369,,,,0.46875,,,
1,374,,,,0.53125,,,
1,379,,,,0.625,,,
1,384,,,,0.5625,,,
1,389,,,,0.5625,,,
1,394,,,,0.5,,,
1,399,,,,0.53125,,,
1,404,,,,0.5,,,
1,409,,,,0.78125,,,
1,414,,,,0.34375,,,
1,419,,,,0.625,,,
1,424,,,,0.6875,,,
1,429,,,,0.53125,,,
1,434,,,,0.71875,,,
1,439,,,,0.5625,,,
1,444,,,,0.6875,,,
1,449,,,,0.46875,,,
1,454,,,,0.5625,,,
1,459,,,,0.625,,,
1,464,,,,0.625,,,
1,469,,,,0.40625,,,
1,474,,,,0.40625,,,
1,479,,,,0.5625,,,
1,484,,,,0.75,,,
1,489,,,,0.6875,,,
1,494,,,,0.71875,,,
1,499,,,,0.5625,,,
1,504,,,,0.625,,,
1,509,,,,0.625,,,
1,514,,,,0.53125,,,
1,519,,,,0.5625,,,
1,524,,,,0.65625,,,
1,529,,,,0.5,,,
1,534,,,,0.6875,,,
1,539,,,,0.65625,,,
1,544,,,,0.53125,,,
1,549,,,,0.5625,,,
1,554,,,,0.625,,,
1,559,,,,0.46875,,,
1,564,,,,0.75,,,
1,569,,,,0.75,,,
1,574,,,,0.6875,,,
1,579,,,,0.5625,,,
1,584,,,,0.75,,,
1,589,,,,0.625,,,
1,594,,,,0.59375,,,
1,599,,,,0.75,,,
1,604,,,,0.625,,,
1,609,,,,0.71875,,,
1,614,,,,0.6875,,,
1,619,,,,0.46875,,,
1,624,,,,0.59375,,,
1,625,,,,,,0.6169999837875366,0.640868067741394
1,625,,,0.6062999963760376,,0.6626907587051392,,
2,629,,,,0.59375,,,
2,634,,,,0.5625,,,
2,639,,,,0.78125,,,
2,644,,,,0.5,,,
2,649,,,,0.71875,,,
2,654,,,,0.78125,,,
2,659,,,,0.46875,,,
2,664,,,,0.6875,,,
2,669,,,,0.625,,,
2,674,,,,0.625,,,
2,679,,,,0.6875,,,
2,684,,,,0.65625,,,
2,689,,,,0.84375,,,
2,694,,,,0.71875,,,
2,699,,,,0.75,,,
2,704,,,,0.6875,,,
2,709,,,,0.625,,,
2,714,,,,0.78125,,,
2,719,,,,0.53125,,,
2,724,,,,0.65625,,,
2,729,,,,0.59375,,,
2,734,,,,0.75,,,
2,739,,,,0.6875,,,
2,744,,,,0.71875,,,
2,749,,,,0.625,,,
2,754,,,,0.75,,,
2,759,,,,0.71875,,,
2,764,,,,0.5625,,,
2,769,,,,0.59375,,,
2,774,,,,0.625,,,
2,779,,,,0.59375,,,
2,784,,,,0.625,,,
2,789,,,,0.65625,,,
2,794,,,,0.8125,,,
2,799,,,,0.53125,,,
2,804,,,,0.75,,,
2,809,,,,0.65625,,,
2,814,,,,0.75,,,
2,819,,,,0.5625,,,
2,824,,,,0.78125,,,
2,829,,,,0.78125,,,
2,834,,,,0.5625,,,
2,839,,,,0.6875,,,
2,844,,,,0.78125,,,
2,849,,,,0.78125,,,
2,854,,,,0.6875,,,
2,859,,,,0.9375,,,
2,864,,,,0.6875,,,
2,869,,,,0.71875,,,
2,874,,,,0.71875,,,
2,879,,,,0.625,,,
2,884,,,,0.6875,,,
2,889,,,,0.75,,,
2,894,,,,0.75,,,
2,899,,,,0.6875,,,
2,904,,,,0.65625,,,
2,909,,,,0.78125,,,
2,914,,,,0.8125,,,
2,919,,,,0.75,,,
2,924,,,,0.5625,,,
2,929,,,,0.625,,,
2,934,,,,0.59375,,,
2,938,,,,,,0.7110000252723694,0.5729061365127563
2,938,,,0.6872000098228455,,0.6074017286300659,,
3,939,,,,0.71875,,,
3,944,,,,0.71875,,,
3,949,,,,0.59375,,,
3,954,,,,0.875,,,
3,959,,,,0.71875,,,
3,964,,,,0.625,,,
3,969,,,,0.84375,,,
3,974,,,,0.6875,,,
3,979,,,,0.875,,,
3,984,,,,0.78125,,,
3,989,,,,0.84375,,,
3,994,,,,0.8125,,,
3,999,,,,0.65625,,,
3,1004,,,,0.65625,,,
3,1009,,,,0.75,,,
3,1014,,,,0.75,,,
3,1019,,,,0.78125,,,
3,1024,,,,0.875,,,
3,1029,,,,0.75,,,
3,1034,,,,0.875,,,
3,1039,,,,0.75,,,
3,1044,,,,0.84375,,,
3,1049,,,,0.78125,,,
3,1054,,,,0.6875,,,
3,1059,,,,0.71875,,,
3,1064,,,,0.75,,,
3,1069,,,,0.75,,,
3,1074,,,,0.75,,,
3,1079,,,,0.75,,,
3,1084,,,,0.8125,,,
3,1089,,,,0.75,,,
3,1094,,,,0.71875,,,
3,1099,,,,0.71875,,,
3,1104,,,,0.75,,,
3,1109,,,,0.6875,,,
3,1114,,,,0.875,,,
3,1119,,,,0.625,,,
3,1124,,,,0.6875,,,
3,1129,,,,0.78125,,,
3,1134,,,,0.875,,,
3,1139,,,,0.84375,,,
3,1144,,,,0.78125,,,
3,1149,,,,0.875,,,
3,1154,,,,0.78125,,,
3,1159,,,,0.75,,,
3,1164,,,,0.75,,,
3,1169,,,,0.90625,,,
3,1174,,,,0.75,,,
3,1179,,,,0.625,,,
3,1184,,,,0.78125,,,
3,1189,,,,0.8125,,,
3,1194,,,,0.8125,,,
3,1199,,,,0.75,,,
3,1204,,,,0.75,,,
3,1209,,,,0.8125,,,
3,1214,,,,0.84375,,,
3,1219,,,,0.71875,,,
3,1224,,,,0.625,,,
3,1229,,,,0.78125,,,
3,1234,,,,0.875,,,
3,1239,,,,0.71875,,,
3,1244,,,,0.6875,,,
3,1249,,,,0.6875,,,
3,1251,,,,,,0.7409999966621399,0.5222872495651245
3,1251,,,0.7396000027656555,,0.546502411365509,,
4,1254,,,,0.875,,,
4,1259,,,,0.71875,,,
4,1264,,,,0.8125,,,
4,1269,,,,0.6875,,,
4,1274,,,,0.6875,,,
4,1279,,,,0.75,,,
4,1284,,,,0.78125,,,
4,1289,,,,0.84375,,,
4,1294,,,,0.78125,,,
4,1299,,,,0.75,,,
4,1304,,,,0.8125,,,
4,1309,,,,0.65625,,,
4,1314,,,,0.8125,,,
4,1319,,,,0.75,,,
4,1324,,,,0.625,,,
4,1329,,,,0.78125,,,
4,1334,,,,0.78125,,,
4,1339,,,,0.71875,,,
4,1344,,,,0.75,,,
4,1349,,,,0.78125,,,
4,1354,,,,0.71875,,,
4,1359,,,,0.78125,,,
4,1364,,,,0.65625,,,
4,1369,,,,0.6875,,,
4,1374,,,,0.84375,,,
4,1379,,,,0.8125,,,
4,1384,,,,0.8125,,,
4,1389,,,,0.84375,,,
4,1394,,,,0.75,,,
4,1399,,,,0.875,,,
4,1404,,,,0.6875,,,
4,1409,,,,0.71875,,,
4,1414,,,,0.84375,,,
4,1419,,,,0.75,,,
4,1424,,,,0.75,,,
4,1429,,,,0.71875,,,
4,1434,,,,0.78125,,,
4,1439,,,,0.78125,,,
4,1444,,,,0.78125,,,
4,1449,,,,0.71875,,,
4,1454,,,,0.625,,,
4,1459,,,,0.75,,,
4,1464,,,,0.71875,,,
4,1469,,,,0.8125,,,
4,1474,,,,0.8125,,,
4,1479,,,,0.78125,,,
4,1484,,,,0.75,,,
4,1489,,,,0.84375,,,
4,1494,,,,0.875,,,
4,1499,,,,0.71875,,,
4,1504,,,,0.75,,,
4,1509,,,,0.9375,,,
4,1514,,,,0.78125,,,
4,1519,,,,0.8125,,,
4,1524,,,,0.75,,,
4,1529,,,,0.84375,,,
4,1534,,,,0.78125,,,
4,1539,,,,0.8125,,,
4,1544,,,,0.78125,,,
4,1549,,,,0.78125,,,
4,1554,,,,0.875,,,
4,1559,,,,0.6875,,,
4,1564,,,,0.875,,,
4,1564,,,,,,0.7689999938011169,0.4849027395248413
4,1564,,,0.7710999846458435,,0.49740976095199585,,
5,1569,,,,0.75,,,
5,1574,,,,0.71875,,,
5,1579,,,,0.84375,,,
5,1584,,,,0.90625,,,
5,1589,,,,0.625,,,
5,1594,,,,0.90625,,,
5,1599,,,,0.84375,,,
5,1604,,,,0.84375,,,
5,1609,,,,0.8125,,,
5,1614,,,,0.71875,,,
5,1619,,,,0.78125,,,
5,1624,,,,0.78125,,,
5,1629,,,,0.75,,,
5,1634,,,,0.875,,,
5,1639,,,,0.75,,,
5,1644,,,,0.65625,,,
5,1649,,,,0.8125,,,
5,1654,,,,0.65625,,,
5,1659,,,,0.90625,,,
5,1664,,,,0.90625,,,
5,1669,,,,0.90625,,,
5,1674,,,,0.875,,,
5,1679,,,,0.90625,,,
5,1684,,,,0.78125,,,
5,1689,,,,0.71875,,,
5,1694,,,,0.65625,,,
5,1699,,,,0.71875,,,
5,1704,,,,0.84375,,,
5,1709,,,,0.78125,,,
5,1714,,,,0.78125,,,
5,1719,,,,0.53125,,,
5,1724,,,,0.625,,,
5,1729,,,,0.71875,,,
5,1734,,,,0.71875,,,
5,1739,,,,0.84375,,,
5,1744,,,,0.6875,,,
5,1749,,,,0.6875,,,
5,1754,,,,0.90625,,,
5,1759,,,,0.71875,,,
5,1764,,,,0.9375,,,
5,1769,,,,0.90625,,,
5,1774,,,,0.875,,,
5,1779,,,,0.875,,,
5,1784,,,,0.78125,,,
5,1789,,,,0.78125,,,
5,1794,,,,0.71875,,,
5,1799,,,,0.8125,,,
5,1804,,,,0.9375,,,
5,1809,,,,0.8125,,,
5,1814,,,,0.875,,,
5,1819,,,,0.78125,,,
5,1824,,,,0.78125,,,
5,1829,,,,0.8125,,,
5,1834,,,,0.9375,,,
5,1839,,,,0.78125,,,
5,1844,,,,0.84375,,,
5,1849,,,,0.84375,,,
5,1854,,,,0.875,,,
5,1859,,,,0.875,,,
5,1864,,,,0.84375,,,
5,1869,,,,0.84375,,,
5,1874,,,,0.84375,,,
5,1877,,,,,,0.7900000214576721,0.4408186674118042
5,1877,,,0.800599992275238,,0.45545512437820435,,
6,1879,,,,0.75,,,
6,1884,,,,0.84375,,,
6,1889,,,,0.75,,,
6,1894,,,,0.78125,,,
6,1899,,,,0.78125,,,
6,1904,,,,0.90625,,,
6,1909,,,,0.84375,,,
6,1914,,,,0.78125,,,
6,1919,,,,0.90625,,,
6,1924,,,,0.875,,,
6,1929,,,,0.75,,,
6,1934,,,,0.78125,,,
6,1939,,,,0.90625,,,
6,1944,,,,0.8125,,,
6,1949,,,,0.8125,,,
6,1954,,,,0.65625,,,
6,1959,,,,0.84375,,,
6,1964,,,,0.90625,,,
6,1969,,,,0.8125,,,
6,1974,,,,0.78125,,,
6,1979,,,,0.90625,,,
6,1984,,,,0.8125,,,
6,1989,,,,0.78125,,,
6,1994,,,,0.84375,,,
6,1999,,,,0.8125,,,
6,2004,,,,0.75,,,
6,2009,,,,0.75,,,
6,2014,,,,0.84375,,,
6,2019,,,,0.84375,,,
6,2024,,,,0.78125,,,
6,2029,,,,0.8125,,,
6,2034,,,,0.78125,,,
6,2039,,,,0.875,,,
6,2044,,,,0.71875,,,
6,2049,,,,0.875,,,
6,2054,,,,0.875,,,
6,2059,,,,0.84375,,,
6,2064,,,,0.90625,,,
6,2069,,,,0.90625,,,
6,2074,,,,0.6875,,,
6,2079,,,,0.84375,,,
6,2084,,,,0.875,,,
6,2089,,,,0.84375,,,
6,2094,,,,0.71875,,,
6,2099,,,,0.78125,,,
6,2104,,,,0.75,,,
6,2109,,,,0.90625,,,
6,2114,,,,0.9375,,,
6,2119,,,,0.875,,,
6,2124,,,,0.90625,,,
6,2129,,,,0.8125,,,
6,2134,,,,0.84375,,,
6,2139,,,,0.84375,,,
6,2144,,,,0.78125,,,
6,2149,,,,0.875,,,
6,2154,,,,0.9375,,,
6,2159,,,,0.875,,,
6,2164,,,,0.78125,,,
6,2169,,,,0.875,,,
6,2174,,,,0.8125,,,
6,2179,,,,0.71875,,,
6,2184,,,,0.90625,,,
6,2189,,,,0.875,,,
6,2190,,,,,,0.8370000123977661,0.4115537106990814
6,2190,,,0.8278999924659729,,0.4152587950229645,,
7,2194,,,,0.75,,,
7,2199,,,,0.84375,,,
7,2204,,,,0.78125,,,
7,2209,,,,0.90625,,,
7,2214,,,,0.75,,,
7,2219,,,,0.8125,,,
7,2224,,,,0.84375,,,
7,2229,,,,0.90625,,,
7,2234,,,,0.90625,,,
7,2239,,,,0.875,,,
7,2244,,,,0.8125,,,
7,2249,,,,0.9375,,,
7,2254,,,,0.875,,,
7,2259,,,,0.78125,,,
7,2264,,,,0.875,,,
7,2269,,,,0.875,,,
7,2274,,,,0.71875,,,
7,2279,,,,0.9375,,,
7,2284,,,,0.8125,,,
7,2289,,,,0.875,,,
7,2294,,,,0.84375,,,
7,2299,,,,0.90625,,,
7,2304,,,,0.875,,,
7,2309,,,,0.84375,,,
7,2314,,,,0.71875,,,
7,2319,,,,0.96875,,,
7,2324,,,,0.84375,,,
7,2329,,,,0.84375,,,
7,2334,,,,0.9375,,,
7,2339,,,,0.8125,,,
7,2344,,,,0.875,,,
7,2349,,,,0.90625,,,
7,2354,,,,0.90625,,,
7,2359,,,,0.71875,,,
7,2364,,,,0.75,,,
7,2369,,,,0.90625,,,
7,2374,,,,0.8125,,,
7,2379,,,,0.875,,,
7,2384,,,,0.9375,,,
7,2389,,,,0.875,,,
7,2394,,,,0.75,,,
7,2399,,,,0.875,,,
7,2404,,,,0.875,,,
7,2409,,,,0.90625,,,
7,2414,,,,0.8125,,,
7,2419,,,,0.78125,,,
7,2424,,,,0.9375,,,
7,2429,,,,0.8125,,,
7,2434,,,,0.9375,,,
7,2439,,,,0.84375,,,
7,2444,,,,0.90625,,,
7,2449,,,,0.78125,,,
7,2454,,,,0.875,,,
7,2459,,,,0.875,,,
7,2464,,,,0.8125,,,
7,2469,,,,0.875,,,
7,2474,,,,0.90625,,,
7,2479,,,,0.8125,,,
7,2484,,,,0.84375,,,
7,2489,,,,0.78125,,,
7,2494,,,,0.9375,,,
7,2499,,,,0.9375,,,
7,2503,,,,,,0.8799999952316284,0.3671664893627167
7,2503,,,0.8561000227928162,,0.3789600133895874,,
8,2504,,,,0.90625,,,
8,2509,,,,0.78125,,,
8,2514,,,,0.90625,,,
8,2519,,,,0.90625,,,
8,2524,,,,0.9375,,,
8,2529,,,,0.90625,,,
8,2534,,,,0.90625,,,
8,2539,,,,0.84375,,,
8,2544,,,,0.875,,,
8,2549,,,,0.84375,,,
8,2554,,,,0.875,,,
8,2559,,,,0.90625,,,
8,2564,,,,0.875,,,
8,2569,,,,0.90625,,,
8,2574,,,,0.78125,,,
8,2579,,,,0.875,,,
8,2584,,,,0.9375,,,
8,2589,,,,0.875,,,
8,2594,,,,0.71875,,,
8,2599,,,,0.875,,,
8,2604,,,,0.90625,,,
8,2609,,,,0.90625,,,
8,2614,,,,0.9375,,,
8,2619,,,,0.90625,,,
8,2624,,,,0.875,,,
8,2629,,,,0.84375,,,
8,2634,,,,0.90625,,,
8,2639,,,,0.9375,,,
8,2644,,,,0.8125,,,
8,2649,,,,0.90625,,,
8,2654,,,,0.9375,,,
8,2659,,,,0.84375,,,
8,2664,,,,0.8125,,,
8,2669,,,,0.78125,,,
8,2674,,,,0.96875,,,
8,2679,,,,0.84375,,,
8,2684,,,,0.84375,,,
8,2689,,,,0.84375,,,
8,2694,,,,0.78125,,,
8,2699,,,,0.90625,,,
8,2704,,,,0.96875,,,
8,2709,,,,0.96875,,,
8,2714,,,,0.84375,,,
8,2719,,,,0.84375,,,
8,2724,,,,0.84375,,,
8,2729,,,,0.9375,,,
8,2734,,,,0.875,,,
8,2739,,,,0.6875,,,
8,2744,,,,0.84375,,,
8,2749,,,,0.78125,,,
8,2754,,,,0.875,,,
8,2759,,,,0.75,,,
8,2764,,,,0.90625,,,
8,2769,,,,0.875,,,
8,2774,,,,0.84375,,,
8,2779,,,,0.78125,,,
8,2784,,,,1.0,,,
8,2789,,,,0.9375,,,
8,2794,,,,0.9375,,,
8,2799,,,,0.9375,,,
8,2804,,,,0.8125,,,
8,2809,,,,0.84375,,,
8,2814,,,,0.90625,,,
8,2816,,,,,,0.7879999876022339,0.39272376894950867
8,2816,,,0.8770999908447266,,0.3463379740715027,,
9,2819,,,,0.78125,,,
9,2824,,,,0.9375,,,
9,2829,,,,0.9375,,,
9,2834,,,,0.875,,,
9,2839,,,,0.875,,,
9,2844,,,,0.9375,,,
9,2849,,,,0.96875,,,
9,2854,,,,0.8125,,,
9,2859,,,,0.96875,,,
9,2864,,,,0.9375,,,
9,2869,,,,0.90625,,,
9,2874,,,,0.84375,,,
9,2879,,,,0.875,,,
9,2884,,,,0.78125,,,
9,2889,,,,0.9375,,,
9,2894,,,,0.875,,,
9,2899,,,,0.90625,,,
9,2904,,,,0.8125,,,
9,2909,,,,1.0,,,
9,2914,,,,0.9375,,,
9,2919,,,,0.875,,,
9,2924,,,,0.9375,,,
9,2929,,,,0.8125,,,
9,2934,,,,0.96875,,,
9,2939,,,,0.9375,,,
9,2944,,,,0.90625,,,
9,2949,,,,0.9375,,,
9,2954,,,,0.90625,,,
9,2959,,,,0.78125,,,
9,2964,,,,0.78125,,,
9,2969,,,,0.96875,,,
9,2974,,,,0.875,,,
9,2979,,,,0.90625,,,
9,2984,,,,0.9375,,,
9,2989,,,,0.9375,,,
9,2994,,,,0.84375,,,
9,2999,,,,0.78125,,,
9,3004,,,,0.84375,,,
9,3009,,,,0.96875,,,
9,3014,,,,0.96875,,,
9,3019,,,,0.875,,,
9,3024,,,,0.875,,,
9,3029,,,,0.875,,,
9,3034,,,,0.90625,,,
9,3039,,,,0.8125,,,
9,3044,,,,0.9375,,,
9,3049,,,,0.875,,,
9,3054,,,,0.96875,,,
9,3059,,,,0.90625,,,
9,3064,,,,1.0,,,
9,3069,,,,0.96875,,,
9,3074,,,,0.875,,,
9,3079,,,,0.90625,,,
9,3084,,,,0.90625,,,
9,3089,,,,0.8125,,,
9,3094,,,,0.84375,,,
9,3099,,,,0.9375,,,
9,3104,,,,0.84375,,,
9,3109,,,,1.0,,,
9,3114,,,,0.90625,,,
9,3119,,,,0.875,,,
9,3124,,,,0.8125,,,
9,3129,,,,0.9375,,,
9,3129,,,,,,0.8930000066757202,0.3183903992176056
9,3129,,,0.8932999968528748,,0.31568247079849243,,
10,3134,,,,0.9375,,,
10,3139,,,,0.96875,,,
10,3144,,,,0.96875,,,
10,3149,,,,0.96875,,,
10,3154,,,,1.0,,,
10,3159,,,,0.84375,,,
10,3164,,,,0.9375,,,
10,3169,,,,0.96875,,,
10,3174,,,,0.9375,,,
10,3179,,,,0.90625,,,
10,3184,,,,0.84375,,,
10,3189,,,,0.78125,,,
10,3194,,,,0.9375,,,
10,3199,,,,0.96875,,,
10,3204,,,,0.96875,,,
10,3209,,,,0.96875,,,
10,3214,,,,0.9375,,,
10,3219,,,,0.875,,,
10,3224,,,,0.875,,,
10,3229,,,,0.875,,,
10,3234,,,,0.9375,,,
10,3239,,,,0.875,,,
10,3244,,,,0.96875,,,
10,3249,,,,0.875,,,
10,3254,,,,0.96875,,,
10,3259,,,,0.9375,,,
10,3264,,,,0.875,,,
10,3269,,,,0.90625,,,
10,3274,,,,1.0,,,
10,3279,,,,0.875,,,
10,3284,,,,0.90625,,,
10,3289,,,,0.875,,,
10,3294,,,,0.9375,,,
10,3299,,,,0.90625,,,
10,3304,,,,0.8125,,,
10,3309,,,,0.96875,,,
10,3314,,,,0.96875,,,
10,3319,,,,0.84375,,,
10,3324,,,,0.84375,,,
10,3329,,,,0.875,,,
10,3334,,,,0.9375,,,
10,3339,,,,0.8125,,,
10,3344,,,,0.84375,,,
10,3349,,,,0.9375,,,
10,3354,,,,0.875,,,
10,3359,,,,1.0,,,
10,3364,,,,1.0,,,
10,3369,,,,1.0,,,
10,3374,,,,0.84375,,,
10,3379,,,,0.8125,,,
10,3384,,,,0.78125,,,
10,3389,,,,0.9375,,,
10,3394,,,,0.90625,,,
10,3399,,,,0.90625,,,
10,3404,,,,0.96875,,,
10,3409,,,,0.9375,,,
10,3414,,,,0.90625,,,
10,3419,,,,0.9375,,,
10,3424,,,,0.96875,,,
10,3429,,,,0.90625,,,
10,3434,,,,0.96875,,,
10,3439,,,,0.9375,,,
10,3442,,,,,,0.8930000066757202,0.2997925579547882
10,3442,,,0.9088000059127808,,0.2915918231010437,,
11,3444,,,,0.90625,,,
11,3449,,,,1.0,,,
11,3454,,,,0.9375,,,
11,3459,,,,0.9375,,,
11,3464,,,,0.9375,,,
11,3469,,,,0.875,,,
11,3474,,,,0.9375,,,
11,3479,,,,0.84375,,,
11,3484,,,,0.875,,,
11,3489,,,,0.90625,,,
11,3494,,,,0.9375,,,
11,3499,,,,0.90625,,,
11,3504,,,,0.90625,,,
11,3509,,,,0.875,,,
11,3514,,,,0.875,,,
11,3519,,,,0.875,,,
11,3524,,,,0.96875,,,
11,3529,,,,0.9375,,,
11,3534,,,,0.8125,,,
11,3539,,,,0.90625,,,
11,3544,,,,1.0,,,
11,3549,,,,0.96875,,,
11,3554,,,,0.9375,,,
11,3559,,,,0.84375,,,
11,3564,,,,0.9375,,,
11,3569,,,,1.0,,,
11,3574,,,,0.9375,,,
11,3579,,,,0.90625,,,
11,3584,,,,0.84375,,,
11,3589,,,,0.9375,,,
11,3594,,,,0.875,,,
11,3599,,,,0.9375,,,
11,3604,,,,0.875,,,
11,3609,,,,0.78125,,,
11,3614,,,,0.9375,,,
11,3619,,,,0.96875,,,
11,3624,,,,0.9375,,,
11,3629,,,,0.90625,,,
11,3634,,,,0.96875,,,
11,3639,,,,0.875,,,
11,3644,,,,0.9375,,,
11,3649,,,,1.0,,,
11,3654,,,,0.9375,,,
11,3659,,,,0.875,,,
11,3664,,,,0.9375,,,
11,3669,,,,0.90625,,,
11,3674,,,,0.8125,,,
11,3679,,,,1.0,,,
11,3684,,,,0.78125,,,
11,3689,,,,0.96875,,,
11,3694,,,,0.9375,,,
11,3699,,,,0.9375,,,
11,3704,,,,0.875,,,
11,3709,,,,0.9375,,,
11,3714,,,,0.96875,,,
11,3719,,,,1.0,,,
11,3724,,,,0.90625,,,
11,3729,,,,0.90625,,,
11,3734,,,,0.9375,,,
11,3739,,,,0.96875,,,
11,3744,,,,0.96875,,,
11,3749,,,,0.90625,,,
11,3754,,,,0.90625,,,
11,3755,,,,,,0.8659999966621399,0.30355384945869446
11,3755,,,0.9190000295639038,,0.2643166184425354,,
12,3759,,,,0.90625,,,
12,3764,,,,0.96875,,,
12,3769,,,,0.9375,,,
12,3774,,,,0.9375,,,
12,3779,,,,0.875,,,
12,3784,,,,1.0,,,
12,3789,,,,1.0,,,
12,3794,,,,0.90625,,,
12,3799,,,,0.875,,,
12,3804,,,,0.90625,,,
12,3809,,,,0.96875,,,
12,3814,,,,1.0,,,
12,3819,,,,0.8125,,,
12,3824,,,,0.9375,,,
12,3829,,,,0.90625,,,
12,3834,,,,0.875,,,
12,3839,,,,0.96875,,,
12,3844,,,,0.9375,,,
12,3849,,,,0.90625,,,
12,3854,,,,0.96875,,,
12,3859,,,,0.90625,,,
12,3864,,,,1.0,,,
12,3869,,,,0.9375,,,
12,3874,,,,0.84375,,,
12,3879,,,,0.9375,,,
12,3884,,,,0.90625,,,
12,3889,,,,0.96875,,,
12,3894,,,,0.96875,,,
12,3899,,,,0.9375,,,
12,3904,,,,0.90625,,,
12,3909,,,,0.875,,,
12,3914,,,,0.90625,,,
12,3919,,,,1.0,,,
12,3924,,,,0.9375,,,
12,3929,,,,0.9375,,,
12,3934,,,,0.90625,,,
12,3939,,,,0.9375,,,
12,3944,,,,0.8125,,,
12,3949,,,,0.9375,,,
12,3954,,,,0.96875,,,
12,3959,,,,0.96875,,,
12,3964,,,,0.90625,,,
12,3969,,,,0.9375,,,
12,3974,,,,0.96875,,,
12,3979,,,,0.9375,,,
12,3984,,,,0.90625,,,
12,3989,,,,0.875,,,
12,3994,,,,0.9375,,,
12,3999,,,,0.90625,,,
12,4004,,,,0.8125,,,
12,4009,,,,0.96875,,,
12,4014,,,,0.96875,,,
12,4019,,,,0.875,,,
12,4024,,,,0.90625,,,
12,4029,,,,0.96875,,,
12,4034,,,,1.0,,,
12,4039,,,,0.96875,,,
12,4044,,,,0.96875,,,
12,4049,,,,0.90625,,,
12,4054,,,,0.96875,,,
12,4059,,,,0.9375,,,
12,4064,,,,1.0,,,
12,4068,,,,,,0.9079999923706055,0.2308838665485382
12,4068,,,0.927299976348877,,0.24216176569461823,,
13,4069,,,,0.96875,,,
13,4074,,,,1.0,,,
13,4079,,,,0.9375,,,
13,4084,,,,0.9375,,,
13,4089,,,,1.0,,,
13,4094,,,,0.96875,,,
13,4099,,,,0.90625,,,
13,4104,,,,0.90625,,,
13,4109,,,,0.9375,,,
13,4114,,,,0.96875,,,
13,4119,,,,0.96875,,,
13,4124,,,,0.9375,,,
13,4129,,,,0.96875,,,
13,4134,,,,0.96875,,,
13,4139,,,,1.0,,,
13,4144,,,,1.0,,,
13,4149,,,,0.96875,,,
13,4154,,,,0.875,,,
13,4159,,,,0.8125,,,
13,4164,,,,1.0,,,
13,4169,,,,1.0,,,
13,4174,,,,0.9375,,,
13,4179,,,,0.875,,,
13,4184,,,,0.9375,,,
13,4189,,,,0.96875,,,
13,4194,,,,0.90625,,,
13,4199,,,,0.90625,,,
13,4204,,,,0.9375,,,
13,4209,,,,0.9375,,,
13,4214,,,,0.96875,,,
13,4219,,,,1.0,,,
13,4224,,,,0.84375,,,
13,4229,,,,0.9375,,,
13,4234,,,,0.84375,,,
13,4239,,,,0.96875,,,
13,4244,,,,0.875,,,
13,4249,,,,0.90625,,,
13,4254,,,,0.96875,,,
13,4259,,,,0.90625,,,
13,4264,,,,0.9375,,,
13,4269,,,,0.96875,,,
13,4274,,,,0.9375,,,
13,4279,,,,0.96875,,,
13,4284,,,,0.875,,,
13,4289,,,,0.9375,,,
13,4294,,,,0.875,,,
13,4299,,,,0.90625,,,
13,4304,,,,0.9375,,,
13,4309,,,,0.90625,,,
13,4314,,,,0.96875,,,
13,4319,,,,0.96875,,,
13,4324,,,,0.96875,,,
13,4329,,,,0.96875,,,
13,4334,,,,0.875,,,
13,4339,,,,0.90625,,,
13,4344,,,,0.9375,,,
13,4349,,,,0.90625,,,
13,4354,,,,0.875,,,
13,4359,,,,0.96875,,,
13,4364,,,,0.875,,,
13,4369,,,,0.90625,,,
13,4374,,,,0.96875,,,
13,4379,,,,0.9375,,,
13,4381,,,,,,0.8550000190734863,0.375618577003479
13,4381,,,0.9381999969482422,,0.22190192341804504,,
14,4384,,,,0.8125,,,
14,4389,,,,0.96875,,,
14,4394,,,,0.84375,,,
14,4399,,,,0.96875,,,
14,4404,,,,0.9375,,,
14,4409,,,,0.875,,,
14,4414,,,,0.9375,,,
14,4419,,,,1.0,,,
14,4424,,,,0.96875,,,
14,4429,,,,1.0,,,
14,4434,,,,0.9375,,,
14,4439,,,,0.9375,,,
14,4444,,,,0.90625,,,
14,4449,,,,0.75,,,
14,4454,,,,1.0,,,
14,4459,,,,1.0,,,
14,4464,,,,1.0,,,
14,4469,,,,0.96875,,,
14,4474,,,,0.90625,,,
14,4479,,,,0.90625,,,
14,4484,,,,1.0,,,
14,4489,,,,0.9375,,,
14,4494,,,,0.9375,,,
14,4499,,,,0.9375,,,
14,4504,,,,0.96875,,,
14,4509,,,,0.96875,,,
14,4514,,,,1.0,,,
14,4519,,,,0.90625,,,
14,4524,,,,0.875,,,
14,4529,,,,0.90625,,,
14,4534,,,,0.9375,,,
14,4539,,,,0.96875,,,
14,4544,,,,1.0,,,
14,4549,,,,0.96875,,,
14,4554,,,,0.96875,,,
14,4559,,,,0.9375,,,
14,4564,,,,0.96875,,,
14,4569,,,,1.0,,,
14,4574,,,,0.90625,,,
14,4579,,,,1.0,,,
14,4584,,,,1.0,,,
14,4589,,,,0.9375,,,
14,4594,,,,0.9375,,,
14,4599,,,,0.96875,,,
14,4604,,,,0.8125,,,
14,4609,,,,0.9375,,,
14,4614,,,,0.875,,,
14,4619,,,,0.96875,,,
14,4624,,,,0.875,,,
14,4629,,,,0.9375,,,
14,4634,,,,0.96875,,,
14,4639,,,,0.96875,,,
14,4644,,,,0.96875,,,
14,4649,,,,1.0,,,
14,4654,,,,0.9375,,,
14,4659,,,,0.9375,,,
14,4664,,,,0.90625,,,
14,4669,,,,0.875,,,
14,4674,,,,0.9375,,,
14,4679,,,,0.875,,,
14,4684,,,,0.9375,,,
14,4689,,,,0.9375,,,
14,4694,,,,1.0,,,
14,4694,,,,,,0.9610000252723694,0.1868993490934372
14,4694,,,0.9423999786376953,,0.20867741107940674,,
15,4699,,,,0.90625,,,
15,4704,,,,1.0,,,
15,4709,,,,0.96875,,,
15,4714,,,,0.9375,,,
15,4719,,,,0.90625,,,
15,4724,,,,0.96875,,,
15,4729,,,,0.90625,,,
15,4734,,,,1.0,,,
15,4739,,,,0.96875,,,
15,4744,,,,0.96875,,,
15,4749,,,,0.96875,,,
15,4754,,,,0.96875,,,
15,4759,,,,0.8125,,,
15,4764,,,,0.96875,,,
15,4769,,,,0.9375,,,
15,4774,,,,1.0,,,
15,4779,,,,0.875,,,
15,4784,,,,0.96875,,,
15,4789,,,,0.90625,,,
15,4794,,,,0.90625,,,
15,4799,,,,0.96875,,,
15,4804,,,,0.96875,,,
15,4809,,,,1.0,,,
15,4814,,,,1.0,,,
15,4819,,,,0.875,,,
15,4824,,,,1.0,,,
15,4829,,,,0.90625,,,
15,4834,,,,0.90625,,,
15,4839,,,,0.875,,,
15,4844,,,,0.96875,,,
15,4849,,,,0.90625,,,
15,4854,,,,0.8125,,,
15,4859,,,,1.0,,,
15,4864,,,,0.9375,,,
15,4869,,,,0.96875,,,
15,4874,,,,1.0,,,
15,4879,,,,0.9375,,,
15,4884,,,,0.9375,,,
15,4889,,,,0.96875,,,
15,4894,,,,0.9375,,,
15,4899,,,,0.96875,,,
15,4904,,,,1.0,,,
15,4909,,,,0.9375,,,
15,4914,,,,1.0,,,
15,4919,,,,0.9375,,,
15,4924,,,,1.0,,,
15,4929,,,,0.84375,,,
15,4934,,,,0.90625,,,
15,4939,,,,0.9375,,,
15,4944,,,,0.96875,,,
15,4949,,,,0.9375,,,
15,4954,,,,0.9375,,,
15,4959,,,,1.0,,,
15,4964,,,,1.0,,,
15,4969,,,,0.9375,,,
15,4974,,,,1.0,,,
15,4979,,,,0.96875,,,
15,4984,,,,0.96875,,,
15,4989,,,,1.0,,,
15,4994,,,,0.9375,,,
15,4999,,,,0.875,,,
15,5004,,,,0.9375,,,
15,5007,,,,,,0.9449999928474426,0.18898847699165344
15,5007,,,0.9474999904632568,,0.19374768435955048,,
16,5009,,,,0.96875,,,
16,5014,,,,0.96875,,,
16,5019,,,,0.96875,,,
16,5024,,,,0.96875,,,
16,5029,,,,1.0,,,
16,5034,,,,0.90625,,,
16,5039,,,,0.96875,,,
16,5044,,,,0.9375,,,
16,5049,,,,1.0,,,
16,5054,,,,1.0,,,
16,5059,,,,1.0,,,
16,5064,,,,0.96875,,,
16,5069,,,,1.0,,,
16,5074,,,,1.0,,,
16,5079,,,,0.9375,,,
16,5084,,,,0.96875,,,
16,5089,,,,0.90625,,,
16,5094,,,,0.875,,,
16,5099,,,,0.96875,,,
16,5104,,,,1.0,,,
16,5109,,,,1.0,,,
16,5114,,,,0.90625,,,
16,5119,,,,0.96875,,,
16,5124,,,,1.0,,,
16,5129,,,,0.875,,,
16,5134,,,,1.0,,,
16,5139,,,,0.90625,,,
16,5144,,,,0.96875,,,
16,5149,,,,0.9375,,,
16,5154,,,,0.96875,,,
16,5159,,,,0.9375,,,
16,5164,,,,1.0,,,
16,5169,,,,1.0,,,
16,5174,,,,0.96875,,,
16,5179,,,,0.9375,,,
16,5184,,,,1.0,,,
16,5189,,,,0.9375,,,
16,5194,,,,0.9375,,,
16,5199,,,,0.9375,,,
16,5204,,,,0.96875,,,
16,5209,,,,0.96875,,,
16,5214,,,,0.96875,,,
16,5219,,,,0.9375,,,
16,5224,,,,1.0,,,
16,5229,,,,1.0,,,
16,5234,,,,1.0,,,
16,5239,,,,0.96875,,,
16,5244,,,,0.9375,,,
16,5249,,,,1.0,,,
16,5254,,,,0.96875,,,
16,5259,,,,1.0,,,
16,5264,,,,0.9375,,,
16,5269,,,,0.90625,,,
16,5274,,,,0.96875,,,
16,5279,,,,0.96875,,,
16,5284,,,,1.0,,,
16,5289,,,,1.0,,,
16,5294,,,,0.96875,,,
16,5299,,,,0.9375,,,
16,5304,,,,1.0,,,
16,5309,,,,0.9375,,,
16,5314,,,,0.96875,,,
16,5319,,,,0.96875,,,
16,5320,,,,,,0.9419999718666077,0.19342070817947388
16,5320,,,0.9527000188827515,,0.18170763552188873,,
17,5324,,,,0.9375,,,
17,5329,,,,0.96875,,,
17,5334,,,,1.0,,,
17,5339,,,,0.9375,,,
17,5344,,,,0.96875,,,
17,5349,,,,0.96875,,,
17,5354,,,,1.0,,,
17,5359,,,,1.0,,,
17,5364,,,,0.96875,,,
17,5369,,,,1.0,,,
17,5374,,,,0.90625,,,
17,5379,,,,0.96875,,,
17,5384,,,,0.84375,,,
17,5389,,,,0.90625,,,
17,5394,,,,0.8125,,,
17,5399,,,,1.0,,,
17,5404,,,,1.0,,,
17,5409,,,,0.90625,,,
17,5414,,,,1.0,,,
17,5419,,,,0.96875,,,
17,5424,,,,0.96875,,,
17,5429,,,,1.0,,,
17,5434,,,,0.96875,,,
17,5439,,,,0.96875,,,
17,5444,,,,0.9375,,,
17,5449,,,,1.0,,,
17,5454,,,,0.9375,,,
17,5459,,,,0.96875,,,
17,5464,,,,1.0,,,
17,5469,,,,0.90625,,,
17,5474,,,,0.96875,,,
17,5479,,,,0.9375,,,
17,5484,,,,1.0,,,
17,5489,,,,1.0,,,
17,5494,,,,0.96875,,,
17,5499,,,,0.9375,,,
17,5504,,,,0.90625,,,
17,5509,,,,1.0,,,
17,5514,,,,1.0,,,
17,5519,,,,1.0,,,
17,5524,,,,0.9375,,,
17,5529,,,,0.96875,,,
17,5534,,,,0.96875,,,
17,5539,,,,0.90625,,,
17,5544,,,,0.90625,,,
17,5549,,,,1.0,,,
17,5554,,,,0.90625,,,
17,5559,,,,1.0,,,
17,5564,,,,1.0,,,
17,5569,,,,0.9375,,,
17,5574,,,,1.0,,,
17,5579,,,,0.90625,,,
17,5584,,,,1.0,,,
17,5589,,,,0.9375,,,
17,5594,,,,0.96875,,,
17,5599,,,,0.96875,,,
17,5604,,,,0.9375,,,
17,5609,,,,1.0,,,
17,5614,,,,0.96875,,,
17,5619,,,,0.9375,,,
17,5624,,,,1.0,,,
17,5629,,,,1.0,,,
17,5633,,,,,,0.9369999766349792,0.21321122348308563
17,5633,,,0.9585999846458435,,0.16969388723373413,,
18,5634,,,,0.96875,,,
18,5639,,,,0.90625,,,
18,5644,,,,0.875,,,
18,5649,,,,1.0,,,
18,5654,,,,0.90625,,,
18,5659,,,,0.96875,,,
18,5664,,,,0.90625,,,
18,5669,,,,0.9375,,,
18,5674,,,,0.96875,,,
18,5679,,,,0.9375,,,
18,5684,,,,0.875,,,
18,5689,,,,0.9375,,,
18,5694,,,,0.96875,,,
18,5699,,,,0.9375,,,
18,5704,,,,0.9375,,,
18,5709,,,,0.96875,,,
18,5714,,,,0.9375,,,
18,5719,,,,1.0,,,
18,5724,,,,0.96875,,,
18,5729,,,,0.9375,,,
18,5734,,,,0.96875,,,
18,5739,,,,0.9375,,,
18,5744,,,,0.9375,,,
18,5749,,,,1.0,,,
18,5754,,,,0.9375,,,
18,5759,,,,1.0,,,
18,5764,,,,0.9375,,,
18,5769,,,,0.96875,,,
18,5774,,,,0.96875,,,
18,5779,,,,0.96875,,,
18,5784,,,,0.96875,,,
18,5789,,,,0.96875,,,
18,5794,,,,0.9375,,,
18,5799,,,,0.9375,,,
18,5804,,,,0.96875,,,
18,5809,,,,0.9375,,,
18,5814,,,,1.0,,,
18,5819,,,,0.875,,,
18,5824,,,,0.96875,,,
18,5829,,,,0.90625,,,
18,5834,,,,0.875,,,
18,5839,,,,1.0,,,
18,5844,,,,0.875,,,
18,5849,,,,0.90625,,,
18,5854,,,,1.0,,,
18,5859,,,,0.9375,,,
18,5864,,,,0.9375,,,
18,5869,,,,0.875,,,
18,5874,,,,0.90625,,,
18,5879,,,,1.0,,,
18,5884,,,,0.9375,,,
18,5889,,,,0.9375,,,
18,5894,,,,0.90625,,,
18,5899,,,,1.0,,,
18,5904,,,,0.96875,,,
18,5909,,,,0.96875,,,
18,5914,,,,1.0,,,
18,5919,,,,1.0,,,
18,5924,,,,0.96875,,,
18,5929,,,,0.9375,,,
18,5934,,,,1.0,,,
18,5939,,,,0.96875,,,
18,5944,,,,0.9375,,,
18,5946,,,,,,0.9670000076293945,0.15140940248966217
18,5946,,,0.9609000086784363,,0.16341988742351532,,
19,5949,,,,1.0,,,
19,5954,,,,1.0,,,
19,5959,,,,0.90625,,,
19,5964,,,,0.96875,,,
19,5969,,,,1.0,,,
19,5974,,,,0.96875,,,
19,5979,,,,0.96875,,,
19,5984,,,,0.9375,,,
19,5989,,,,1.0,,,
19,5994,,,,0.96875,,,
19,5999,,,,0.96875,,,
19,6004,,,,1.0,,,
19,6009,,,,1.0,,,
19,6014,,,,0.9375,,,
19,6019,,,,0.90625,,,
19,6024,,,,0.875,,,
19,6029,,,,0.90625,,,
19,6034,,,,0.9375,,,
19,6039,,,,0.96875,,,
19,6044,,,,1.0,,,
19,6049,,,,1.0,,,
19,6054,,,,1.0,,,
19,6059,,,,0.9375,,,
19,6064,,,,0.96875,,,
19,6069,,,,0.96875,,,
19,6074,,,,1.0,,,
19,6079,,,,1.0,,,
19,6084,,,,0.84375,,,
19,6089,,,,1.0,,,
19,6094,,,,0.96875,,,
19,6099,,,,0.96875,,,
19,6104,,,,0.96875,,,
19,6109,,,,0.9375,,,
19,6114,,,,0.90625,,,
19,6119,,,,1.0,,,
19,6124,,,,1.0,,,
19,6129,,,,1.0,,,
19,6134,,,,0.9375,,,
19,6139,,,,1.0,,,
19,6144,,,,0.96875,,,
19,6149,,,,1.0,,,
19,6154,,,,1.0,,,
19,6159,,,,1.0,,,
19,6164,,,,0.9375,,,
19,6169,,,,1.0,,,
19,6174,,,,0.90625,,,
19,6179,,,,0.96875,,,
19,6184,,,,1.0,,,
19,6189,,,,1.0,,,
19,6194,,,,0.96875,,,
19,6199,,,,0.96875,,,
19,6204,,,,0.96875,,,
19,6209,,,,0.96875,,,
19,6214,,,,0.96875,,,
19,6219,,,,1.0,,,
19,6224,,,,0.9375,,,
19,6229,,,,0.96875,,,
19,6234,,,,1.0,,,
19,6239,,,,0.875,,,
19,6244,,,,0.90625,,,
19,6249,,,,1.0,,,
19,6254,,,,1.0,,,
19,6259,,,,0.9375,,,
19,6259,,,,,,0.9470000267028809,0.18061445653438568
19,6259,,,0.9660999774932861,,0.1533687859773636,,
20,6264,,,,0.96875,,,
20,6269,,,,0.9375,,,
20,6274,,,,0.96875,,,
20,6279,,,,0.96875,,,
20,6284,,,,1.0,,,
20,6289,,,,0.96875,,,
20,6294,,,,0.9375,,,
20,6299,,,,0.96875,,,
20,6304,,,,0.96875,,,
20,6309,,,,1.0,,,
20,6314,,,,1.0,,,
20,6319,,,,0.9375,,,
20,6324,,,,1.0,,,
20,6329,,,,0.96875,,,
20,6334,,,,1.0,,,
20,6339,,,,1.0,,,
20,6344,,,,0.96875,,,
20,6349,,,,0.9375,,,
20,6354,,,,0.9375,,,
20,6359,,,,1.0,,,
20,6364,,,,0.96875,,,
20,6369,,,,0.90625,,,
20,6374,,,,0.96875,,,
20,6379,,,,1.0,,,
20,6384,,,,0.9375,,,
20,6389,,,,0.96875,,,
20,6394,,,,0.9375,,,
20,6399,,,,0.875,,,
20,6404,,,,0.96875,,,
20,6409,,,,1.0,,,
20,6414,,,,1.0,,,
20,6419,,,,0.96875,,,
20,6424,,,,1.0,,,
20,6429,,,,0.9375,,,
20,6434,,,,1.0,,,
20,6439,,,,1.0,,,
20,6444,,,,1.0,,,
20,6449,,,,0.9375,,,
20,6454,,,,0.96875,,,
20,6459,,,,0.875,,,
20,6464,,,,0.96875,,,
20,6469,,,,1.0,,,
20,6474,,,,0.96875,,,
20,6479,,,,1.0,,,
20,6484,,,,1.0,,,
20,6489,,,,0.9375,,,
20,6494,,,,0.96875,,,
20,6499,,,,0.9375,,,
20,6504,,,,1.0,,,
20,6509,,,,1.0,,,
20,6514,,,,1.0,,,
20,6519,,,,0.875,,,
20,6524,,,,0.90625,,,
20,6529,,,,0.9375,,,
20,6534,,,,0.96875,,,
20,6539,,,,0.9375,,,
20,6544,,,,1.0,,,
20,6549,,,,0.90625,,,
20,6554,,,,0.96875,,,
20,6559,,,,0.96875,,,
20,6564,,,,0.875,,,
20,6569,,,,0.96875,,,
20,6572,,,,,,0.9779999852180481,0.13714493811130524
20,6572,,,0.9672999978065491,,0.1446959376335144,,
21,6574,,,,0.90625,,,
21,6579,,,,1.0,,,
21,6584,,,,0.875,,,
21,6589,,,,0.9375,,,
21,6594,,,,0.875,,,
21,6599,,,,0.90625,,,
21,6604,,,,0.96875,,,
21,6609,,,,0.96875,,,
21,6614,,,,0.9375,,,
21,6619,,,,0.96875,,,
21,6624,,,,1.0,,,
21,6629,,,,0.875,,,
21,6634,,,,1.0,,,
21,6639,,,,0.9375,,,
21,6644,,,,0.9375,,,
21,6649,,,,1.0,,,
21,6654,,,,0.9375,,,
21,6659,,,,0.96875,,,
21,6664,,,,1.0,,,
21,6669,,,,1.0,,,
21,6674,,,,0.96875,,,
21,6679,,,,1.0,,,
21,6684,,,,0.96875,,,
21,6689,,,,0.90625,,,
21,6694,,,,0.96875,,,
21,6699,,,,0.96875,,,
21,6704,,,,1.0,,,
21,6709,,,,1.0,,,
21,6714,,,,0.875,,,
21,6719,,,,1.0,,,
21,6724,,,,1.0,,,
21,6729,,,,0.96875,,,
21,6734,,,,1.0,,,
21,6739,,,,0.96875,,,
21,6744,,,,1.0,,,
21,6749,,,,1.0,,,
21,6754,,,,1.0,,,
21,6759,,,,0.96875,,,
21,6764,,,,1.0,,,
21,6769,,,,0.875,,,
21,6774,,,,0.96875,,,
21,6779,,,,1.0,,,
21,6784,,,,0.9375,,,
21,6789,,,,0.9375,,,
21,6794,,,,0.90625,,,
21,6799,,,,1.0,,,
21,6804,,,,0.90625,,,
21,6809,,,,0.9375,,,
21,6814,,,,0.96875,,,
21,6819,,,,0.96875,,,
21,6824,,,,0.9375,,,
21,6829,,,,0.96875,,,
21,6834,,,,0.96875,,,
21,6839,,,,0.9375,,,
21,6844,,,,0.90625,,,
21,6849,,,,0.96875,,,
21,6854,,,,1.0,,,
21,6859,,,,0.9375,,,
21,6864,,,,0.96875,,,
21,6869,,,,1.0,,,
21,6874,,,,0.96875,,,
21,6879,,,,1.0,,,
21,6884,,,,1.0,,,
21,6885,,,,,,0.9480000138282776,0.15080584585666656
21,6885,,,0.9670000076293945,,0.13934439420700073,,
22,6889,,,,1.0,,,
22,6894,,,,1.0,,,
22,6899,,,,1.0,,,
22,6904,,,,1.0,,,
22,6909,,,,0.9375,,,
22,6914,,,,1.0,,,
22,6919,,,,1.0,,,
22,6924,,,,0.96875,,,
22,6929,,,,0.9375,,,
22,6934,,,,1.0,,,
22,6939,,,,1.0,,,
22,6944,,,,0.9375,,,
22,6949,,,,0.96875,,,
22,6954,,,,1.0,,,
22,6959,,,,0.96875,,,
22,6964,,,,1.0,,,
22,6969,,,,1.0,,,
22,6974,,,,1.0,,,
22,6979,,,,0.96875,,,
22,6984,,,,1.0,,,
22,6989,,,,0.90625,,,
22,6994,,,,0.90625,,,
22,6999,,,,1.0,,,
22,7004,,,,1.0,,,
22,7009,,,,0.96875,,,
22,7014,,,,0.96875,,,
22,7019,,,,0.96875,,,
22,7024,,,,0.9375,,,
22,7029,,,,0.96875,,,
22,7034,,,,0.96875,,,
22,7039,,,,0.96875,,,
22,7044,,,,0.96875,,,
22,7049,,,,0.9375,,,
22,7054,,,,1.0,,,
22,7059,,,,0.96875,,,
22,7064,,,,0.96875,,,
22,7069,,,,0.96875,,,
22,7074,,,,0.96875,,,
22,7079,,,,1.0,,,
22,7084,,,,0.96875,,,
22,7089,,,,0.9375,,,
22,7094,,,,1.0,,,
22,7099,,,,1.0,,,
22,7104,,,,0.96875,,,
22,7109,,,,0.9375,,,
22,7114,,,,0.9375,,,
22,7119,,,,0.96875,,,
22,7124,,,,0.90625,,,
22,7129,,,,0.9375,,,
22,7134,,,,0.96875,,,
22,7139,,,,0.96875,,,
22,7144,,,,0.9375,,,
22,7149,,,,0.9375,,,
22,7154,,,,1.0,,,
22,7159,,,,0.96875,,,
22,7164,,,,1.0,,,
22,7169,,,,1.0,,,
22,7174,,,,0.96875,,,
22,7179,,,,1.0,,,
22,7184,,,,1.0,,,
22,7189,,,,0.9375,,,
22,7194,,,,0.9375,,,
22,7198,,,,,,0.9829999804496765,0.11476879566907883
22,7198,,,0.9728000164031982,,0.12929099798202515,,
23,7199,,,,1.0,,,
23,7204,,,,0.96875,,,
23,7209,,,,0.96875,,,
23,7214,,,,0.96875,,,
23,7219,,,,0.9375,,,
23,7224,,,,1.0,,,
23,7229,,,,1.0,,,
23,7234,,,,1.0,,,
23,7239,,,,1.0,,,
23,7244,,,,0.96875,,,
23,7249,,,,0.90625,,,
23,7254,,,,0.96875,,,
23,7259,,,,1.0,,,
23,7264,,,,0.84375,,,
23,7269,,,,1.0,,,
23,7274,,,,0.9375,,,
23,7279,,,,1.0,,,
23,7284,,,,1.0,,,
23,7289,,,,0.96875,,,
23,7294,,,,1.0,,,
23,7299,,,,0.9375,,,
23,7304,,,,0.96875,,,
23,7309,,,,1.0,,,
23,7314,,,,0.96875,,,
23,7319,,,,1.0,,,
23,7324,,,,1.0,,,
23,7329,,,,1.0,,,
23,7334,,,,0.96875,,,
23,7339,,,,0.96875,,,
23,7344,,,,1.0,,,
23,7349,,,,0.9375,,,
23,7354,,,,1.0,,,
23,7359,,,,1.0,,,
23,7364,,,,1.0,,,
23,7369,,,,0.96875,,,
23,7374,,,,1.0,,,
23,7379,,,,0.96875,,,
23,7384,,,,0.96875,,,
23,7389,,,,1.0,,,
23,7394,,,,1.0,,,
23,7399,,,,1.0,,,
23,7404,,,,0.96875,,,
23,7409,,,,0.96875,,,
23,7414,,,,1.0,,,
23,7419,,,,1.0,,,
23,7424,,,,0.9375,,,
23,7429,,,,0.96875,,,
23,7434,,,,0.96875,,,
23,7439,,,,1.0,,,
23,7444,,,,1.0,,,
23,7449,,,,1.0,,,
23,7454,,,,0.9375,,,
23,7459,,,,1.0,,,
23,7464,,,,0.9375,,,
23,7469,,,,1.0,,,
23,7474,,,,1.0,,,
23,7479,,,,1.0,,,
23,7484,,,,0.9375,,,
23,7489,,,,1.0,,,
23,7494,,,,0.9375,,,
23,7499,,,,1.0,,,
23,7504,,,,0.96875,,,
23,7509,,,,1.0,,,
23,7511,,,,,,0.984000027179718,0.10643628239631653
23,7511,,,0.9750000238418579,,0.12312234938144684,,
24,7514,,,,0.9375,,,
24,7519,,,,0.96875,,,
24,7524,,,,1.0,,,
24,7529,,,,0.96875,,,
24,7534,,,,1.0,,,
24,7539,,,,1.0,,,
24,7544,,,,0.96875,,,
24,7549,,,,0.9375,,,
24,7554,,,,0.96875,,,
24,7559,,,,0.96875,,,
24,7564,,,,0.96875,,,
24,7569,,,,0.96875,,,
24,7574,,,,0.96875,,,
24,7579,,,,1.0,,,
24,7584,,,,1.0,,,
24,7589,,,,0.96875,,,
24,7594,,,,0.96875,,,
24,7599,,,,1.0,,,
24,7604,,,,0.90625,,,
24,7609,,,,1.0,,,
24,7614,,,,0.96875,,,
24,7619,,,,1.0,,,
24,7624,,,,0.96875,,,
24,7629,,,,0.9375,,,
24,7634,,,,1.0,,,
24,7639,,,,0.96875,,,
24,7644,,,,1.0,,,
24,7649,,,,0.96875,,,
24,7654,,,,1.0,,,
24,7659,,,,0.96875,,,
24,7664,,,,0.96875,,,
24,7669,,,,1.0,,,
24,7674,,,,1.0,,,
24,7679,,,,1.0,,,
24,7684,,,,1.0,,,
24,7689,,,,0.96875,,,
24,7694,,,,1.0,,,
24,7699,,,,0.96875,,,
24,7704,,,,0.96875,,,
24,7709,,,,0.9375,,,
24,7714,,,,1.0,,,
24,7719,,,,1.0,,,
24,7724,,,,1.0,,,
24,7729,,,,1.0,,,
24,7734,,,,1.0,,,
24,7739,,,,1.0,,,
24,7744,,,,0.9375,,,
24,7749,,,,0.96875,,,
24,7754,,,,1.0,,,
24,7759,,,,1.0,,,
24,7764,,,,0.9375,,,
24,7769,,,,1.0,,,
24,7774,,,,1.0,,,
24,7779,,,,0.96875,,,
24,7784,,,,1.0,,,
24,7789,,,,0.96875,,,
24,7794,,,,1.0,,,
24,7799,,,,0.96875,,,
24,7804,,,,0.9375,,,
24,7809,,,,0.9375,,,
24,7814,,,,1.0,,,
24,7819,,,,0.96875,,,
24,7824,,,,1.0,,,
24,7824,,,,,,0.9750000238418579,0.11389335989952087
24,7824,,,0.975600004196167,,0.11808515340089798,,
25,7829,,,,1.0,,,
25,7834,,,,1.0,,,
25,7839,,,,1.0,,,
25,7844,,,,0.96875,,,
25,7849,,,,0.9375,,,
25,7854,,,,0.96875,,,
25,7859,,,,0.96875,,,
25,7864,,,,1.0,,,
25,7869,,,,0.96875,,,
25,7874,,,,0.96875,,,
25,7879,,,,0.96875,,,
25,7884,,,,0.96875,,,
25,7889,,,,1.0,,,
25,7894,,,,0.96875,,,
25,7899,,,,0.96875,,,
25,7904,,,,0.96875,,,
25,7909,,,,0.90625,,,
25,7914,,,,1.0,,,
25,7919,,,,0.9375,,,
25,7924,,,,1.0,,,
25,7929,,,,0.9375,,,
25,7934,,,,0.96875,,,
25,7939,,,,0.96875,,,
25,7944,,,,1.0,,,
25,7949,,,,1.0,,,
25,7954,,,,1.0,,,
25,7959,,,,1.0,,,
25,7964,,,,1.0,,,
25,7969,,,,1.0,,,
25,7974,,,,1.0,,,
25,7979,,,,1.0,,,
25,7984,,,,1.0,,,
25,7989,,,,1.0,,,
25,7994,,,,0.96875,,,
25,7999,,,,0.96875,,,
25,8004,,,,1.0,,,
25,8009,,,,0.96875,,,
25,8014,,,,1.0,,,
25,8019,,,,0.9375,,,
25,8024,,,,0.96875,,,
25,8029,,,,1.0,,,
25,8034,,,,1.0,,,
25,8039,,,,1.0,,,
25,8044,,,,0.90625,,,
25,8049,,,,1.0,,,
25,8054,,,,1.0,,,
25,8059,,,,1.0,,,
25,8064,,,,0.96875,,,
25,8069,,,,1.0,,,
25,8074,,,,1.0,,,
25,8079,,,,1.0,,,
25,8084,,,,1.0,,,
25,8089,,,,1.0,,,
25,8094,,,,0.90625,,,
25,8099,,,,0.90625,,,
25,8104,,,,0.9375,,,
25,8109,,,,1.0,,,
25,8114,,,,0.96875,,,
25,8119,,,,0.9375,,,
25,8124,,,,0.96875,,,
25,8129,,,,1.0,,,
25,8134,,,,1.0,,,
25,8137,,,,,,0.9909999966621399,0.0988885834813118
25,8137,,,0.978600025177002,,0.11000655591487885,,
26,8139,,,,1.0,,,
26,8144,,,,1.0,,,
26,8149,,,,1.0,,,
26,8154,,,,1.0,,,
26,8159,,,,1.0,,,
26,8164,,,,1.0,,,
26,8169,,,,0.96875,,,
26,8174,,,,0.9375,,,
26,8179,,,,1.0,,,
26,8184,,,,1.0,,,
26,8189,,,,1.0,,,
26,8194,,,,0.96875,,,
26,8199,,,,1.0,,,
26,8204,,,,1.0,,,
26,8209,,,,0.9375,,,
26,8214,,,,0.96875,,,
26,8219,,,,0.96875,,,
26,8224,,,,1.0,,,
26,8229,,,,1.0,,,
26,8234,,,,1.0,,,
26,8239,,,,1.0,,,
26,8244,,,,1.0,,,
26,8249,,,,1.0,,,
26,8254,,,,1.0,,,
26,8259,,,,1.0,,,
26,8264,,,,0.9375,,,
26,8269,,,,1.0,,,
26,8274,,,,0.9375,,,
26,8279,,,,0.96875,,,
26,8284,,,,1.0,,,
26,8289,,,,0.96875,,,
26,8294,,,,0.96875,,,
26,8299,,,,0.96875,,,
26,8304,,,,0.96875,,,
26,8309,,,,1.0,,,
26,8314,,,,1.0,,,
26,8319,,,,1.0,,,
26,8324,,,,1.0,,,
26,8329,,,,0.96875,,,
26,8334,,,,0.9375,,,
26,8339,,,,1.0,,,
26,8344,,,,1.0,,,
26,8349,,,,1.0,,,
26,8354,,,,0.96875,,,
26,8359,,,,1.0,,,
26,8364,,,,1.0,,,
26,8369,,,,0.9375,,,
26,8374,,,,1.0,,,
26,8379,,,,0.96875,,,
26,8384,,,,1.0,,,
26,8389,,,,0.96875,,,
26,8394,,,,0.96875,,,
26,8399,,,,0.96875,,,
26,8404,,,,1.0,,,
26,8409,,,,1.0,,,
26,8414,,,,1.0,,,
26,8419,,,,0.96875,,,
26,8424,,,,0.96875,,,
26,8429,,,,1.0,,,
26,8434,,,,1.0,,,
26,8439,,,,0.9375,,,
26,8444,,,,1.0,,,
26,8449,,,,0.96875,,,
26,8450,,,,,,0.984000027179718,0.10355810821056366
26,8450,,,0.9796000123023987,,0.10441648960113525,,
27,8454,,,,1.0,,,
27,8459,,,,1.0,,,
27,8464,,,,0.96875,,,
27,8469,,,,0.875,,,
27,8474,,,,0.96875,,,
27,8479,,,,1.0,,,
27,8484,,,,1.0,,,
27,8489,,,,1.0,,,
27,8494,,,,0.90625,,,
27,8499,,,,0.9375,,,
27,8504,,,,0.96875,,,
27,8509,,,,0.9375,,,
27,8514,,,,1.0,,,
27,8519,,,,1.0,,,
27,8524,,,,1.0,,,
27,8529,,,,0.96875,,,
27,8534,,,,0.9375,,,
27,8539,,,,0.96875,,,
27,8544,,,,1.0,,,
27,8549,,,,1.0,,,
27,8554,,,,0.96875,,,
27,8559,,,,0.9375,,,
27,8564,,,,1.0,,,
27,8569,,,,1.0,,,
27,8574,,,,1.0,,,
27,8579,,,,0.96875,,,
27,8584,,,,0.96875,,,
27,8589,,,,1.0,,,
27,8594,,,,1.0,,,
27,8599,,,,0.96875,,,
27,8604,,,,0.96875,,,
27,8609,,,,1.0,,,
27,8614,,,,1.0,,,
27,8619,,,,1.0,,,
27,8624,,,,1.0,,,
27,8629,,,,1.0,,,
27,8634,,,,0.9375,,,
27,8639,,,,1.0,,,
27,8644,,,,0.96875,,,
27,8649,,,,1.0,,,
27,8654,,,,1.0,,,
27,8659,,,,1.0,,,
27,8664,,,,1.0,,,
27,8669,,,,1.0,,,
27,8674,,,,0.9375,,,
27,8679,,,,1.0,,,
27,8684,,,,1.0,,,
27,8689,,,,1.0,,,
27,8694,,,,0.96875,,,
27,8699,,,,1.0,,,
27,8704,,,,0.96875,,,
27,8709,,,,0.96875,,,
27,8714,,,,0.96875,,,
27,8719,,,,1.0,,,
27,8724,,,,1.0,,,
27,8729,,,,1.0,,,
27,8734,,,,0.96875,,,
27,8739,,,,0.9375,,,
27,8744,,,,1.0,,,
27,8749,,,,0.96875,,,
27,8754,,,,0.96875,,,
27,8759,,,,1.0,,,
27,8763,,,,,,0.984000027179718,0.0938640609383583
27,8763,,,0.9830999970436096,,0.09610357880592346,,
28,8764,,,,1.0,,,
28,8769,,,,1.0,,,
28,8774,,,,0.96875,,,
28,8779,,,,1.0,,,
28,8784,,,,1.0,,,
28,8789,,,,1.0,,,
28,8794,,,,1.0,,,
28,8799,,,,0.96875,,,
28,8804,,,,0.96875,,,
28,8809,,,,0.96875,,,
28,8814,,,,1.0,,,
28,8819,,,,0.96875,,,
28,8824,,,,0.96875,,,
28,8829,,,,1.0,,,
28,8834,,,,0.9375,,,
28,8839,,,,0.90625,,,
28,8844,,,,0.96875,,,
28,8849,,,,0.96875,,,
28,8854,,,,1.0,,,
28,8859,,,,1.0,,,
28,8864,,,,1.0,,,
28,8869,,,,1.0,,,
28,8874,,,,1.0,,,
28,8879,,,,1.0,,,
28,8884,,,,1.0,,,
28,8889,,,,1.0,,,
28,8894,,,,1.0,,,
28,8899,,,,1.0,,,
28,8904,,,,1.0,,,
28,8909,,,,1.0,,,
28,8914,,,,1.0,,,
28,8919,,,,1.0,,,
28,8924,,,,1.0,,,
28,8929,,,,0.96875,,,
28,8934,,,,0.90625,,,
28,8939,,,,1.0,,,
28,8944,,,,1.0,,,
28,8949,,,,1.0,,,
28,8954,,,,0.96875,,,
28,8959,,,,1.0,,,
28,8964,,,,0.96875,,,
28,8969,,,,1.0,,,
28,8974,,,,1.0,,,
28,8979,,,,1.0,,,
28,8984,,,,0.96875,,,
28,8989,,,,1.0,,,
28,8994,,,,1.0,,,
28,8999,,,,1.0,,,
28,9004,,,,1.0,,,
28,9009,,,,0.90625,,,
28,9014,,,,1.0,,,
28,9019,,,,0.96875,,,
28,9024,,,,1.0,,,
28,9029,,,,0.9375,,,
28,9034,,,,1.0,,,
28,9039,,,,1.0,,,
28,9044,,,,0.96875,,,
28,9049,,,,1.0,,,
28,9054,,,,1.0,,,
28,9059,,,,1.0,,,
28,9064,,,,1.0,,,
28,9069,,,,1.0,,,
28,9074,,,,0.96875,,,
28,9076,,,,,,0.9919999837875366,0.0854441300034523
28,9076,,,0.986299991607666,,0.08672928810119629,,
29,9079,,,,1.0,,,
29,9084,,,,1.0,,,
29,9089,,,,0.96875,,,
29,9094,,,,1.0,,,
29,9099,,,,0.96875,,,
29,9104,,,,1.0,,,
29,9109,,,,0.96875,,,
29,9114,,,,1.0,,,
29,9119,,,,1.0,,,
29,9124,,,,1.0,,,
29,9129,,,,1.0,,,
29,9134,,,,1.0,,,
29,9139,,,,1.0,,,
29,9144,,,,1.0,,,
29,9149,,,,1.0,,,
29,9154,,,,1.0,,,
29,9159,,,,1.0,,,
29,9164,,,,0.9375,,,
29,9169,,,,1.0,,,
29,9174,,,,1.0,,,
29,9179,,,,1.0,,,
29,9184,,,,0.96875,,,
29,9189,,,,1.0,,,
29,9194,,,,0.96875,,,
29,9199,,,,1.0,,,
29,9204,,,,1.0,,,
29,9209,,,,1.0,,,
29,9214,,,,0.96875,,,
29,9219,,,,1.0,,,
29,9224,,,,1.0,,,
29,9229,,,,0.96875,,,
29,9234,,,,1.0,,,
29,9239,,,,1.0,,,
29,9244,,,,1.0,,,
29,9249,,,,0.96875,,,
29,9254,,,,1.0,,,
29,9259,,,,0.96875,,,
29,9264,,,,1.0,,,
29,9269,,,,1.0,,,
29,9274,,,,0.96875,,,
29,9279,,,,1.0,,,
29,9284,,,,0.9375,,,
29,9289,,,,1.0,,,
29,9294,,,,1.0,,,
29,9299,,,,0.90625,,,
29,9304,,,,1.0,,,
29,9309,,,,0.96875,,,
29,9314,,,,1.0,,,
29,9319,,,,1.0,,,
29,9324,,,,1.0,,,
29,9329,,,,1.0,,,
29,9334,,,,1.0,,,
29,9339,,,,0.96875,,,
29,9344,,,,0.96875,,,
29,9349,,,,1.0,,,
29,9354,,,,1.0,,,
29,9359,,,,1.0,,,
29,9364,,,,1.0,,,
29,9369,,,,0.90625,,,
29,9374,,,,1.0,,,
29,9379,,,,1.0,,,
29,9384,,,,0.9375,,,
29,9389,,,,1.0,,,
29,9389,,,,,,0.9800000190734863,0.09378983080387115
29,9389,,,0.9905999898910522,,0.07679808884859085,,
30,9394,,,,1.0,,,
30,9399,,,,0.96875,,,
30,9404,,,,1.0,,,
30,9409,,,,1.0,,,
30,9414,,,,1.0,,,
30,9419,,,,1.0,,,
30,9424,,,,0.96875,,,
30,9429,,,,1.0,,,
30,9434,,,,0.96875,,,
30,9439,,,,0.96875,,,
30,9444,,,,0.96875,,,
30,9449,,,,1.0,,,
30,9454,,,,1.0,,,
30,9459,,,,1.0,,,
30,9464,,,,0.96875,,,
30,9469,,,,1.0,,,
30,9474,,,,1.0,,,
30,9479,,,,1.0,,,
30,9484,,,,1.0,,,
30,9489,,,,0.96875,,,
30,9494,,,,1.0,,,
30,9499,,,,1.0,,,
30,9504,,,,1.0,,,
30,9509,,,,0.96875,,,
30,9514,,,,1.0,,,
30,9519,,,,1.0,,,
30,9524,,,,1.0,,,
30,9529,,,,1.0,,,
30,9534,,,,1.0,,,
30,9539,,,,1.0,,,
30,9544,,,,1.0,,,
30,9549,,,,1.0,,,
30,9554,,,,1.0,,,
30,9559,,,,1.0,,,
30,9564,,,,1.0,,,
30,9569,,,,1.0,,,
30,9574,,,,1.0,,,
30,9579,,,,1.0,,,
30,9584,,,,1.0,,,
30,9589,,,,0.9375,,,
30,9594,,,,1.0,,,
30,9599,,,,1.0,,,
30,9604,,,,1.0,,,
30,9609,,,,1.0,,,
30,9614,,,,1.0,,,
30,9619,,,,1.0,,,
30,9624,,,,1.0,,,
30,9629,,,,0.96875,,,
30,9634,,,,0.9375,,,
30,9639,,,,1.0,,,
30,9644,,,,0.96875,,,
30,9649,,,,1.0,,,
30,9654,,,,0.96875,,,
30,9659,,,,1.0,,,
30,9664,,,,1.0,,,
30,9669,,,,1.0,,,
30,9674,,,,1.0,,,
30,9679,,,,0.9375,,,
30,9684,,,,1.0,,,
30,9689,,,,1.0,,,
30,9694,,,,1.0,,,
30,9699,,,,0.96875,,,
30,9702,,,,,,0.9950000047683716,0.06381949782371521
30,9702,,,0.9891999959945679,,0.0723070502281189,,
31,9704,,,,1.0,,,
31,9709,,,,1.0,,,
31,9714,,,,1.0,,,
31,9719,,,,1.0,,,
31,9724,,,,1.0,,,
31,9729,,,,1.0,,,
31,9734,,,,1.0,,,
31,9739,,,,1.0,,,
31,9744,,,,1.0,,,
31,9749,,,,1.0,,,
31,9754,,,,1.0,,,
31,9759,,,,1.0,,,
31,9764,,,,1.0,,,
31,9769,,,,1.0,,,
31,9774,,,,1.0,,,
31,9779,,,,1.0,,,
31,9784,,,,0.96875,,,
31,9789,,,,1.0,,,
31,9794,,,,1.0,,,
31,9799,,,,1.0,,,
31,9804,,,,0.90625,,,
31,9809,,,,1.0,,,
31,9814,,,,1.0,,,
31,9819,,,,1.0,,,
31,9824,,,,1.0,,,
31,9829,,,,1.0,,,
31,9834,,,,1.0,,,
31,9839,,,,1.0,,,
31,9844,,,,1.0,,,
31,9849,,,,0.96875,,,
31,9854,,,,1.0,,,
31,9859,,,,1.0,,,
31,9864,,,,1.0,,,
31,9869,,,,1.0,,,
31,9874,,,,1.0,,,
31,9879,,,,1.0,,,
31,9884,,,,1.0,,,
31,9889,,,,1.0,,,
31,9894,,,,1.0,,,
31,9899,,,,1.0,,,
31,9904,,,,1.0,,,
31,9909,,,,1.0,,,
31,9914,,,,0.96875,,,
31,9919,,,,1.0,,,
31,9924,,,,1.0,,,
31,9929,,,,0.9375,,,
31,9934,,,,1.0,,,
31,9939,,,,1.0,,,
31,9944,,,,1.0,,,
31,9949,,,,1.0,,,
31,9954,,,,1.0,,,
31,9959,,,,1.0,,,
31,9964,,,,1.0,,,
31,9969,,,,0.96875,,,
31,9974,,,,1.0,,,
31,9979,,,,1.0,,,
31,9984,,,,1.0,,,
31,9989,,,,1.0,,,
31,9994,,,,0.96875,,,
31,9999,,,,1.0,,,
31,10004,,,,1.0,,,
31,10009,,,,1.0,,,
31,10014,,,,1.0,,,
31,10015,,,,,,0.9769999980926514,0.0862504318356514
31,10015,,,0.9943000078201294,,0.06436459720134735,,
32,10019,,,,0.96875,,,
32,10024,,,,1.0,,,
32,10029,,,,1.0,,,
32,10034,,,,1.0,,,
32,10039,,,,1.0,,,
32,10044,,,,1.0,,,
32,10049,,,,1.0,,,
32,10054,,,,0.96875,,,
32,10059,,,,1.0,,,
32,10064,,,,1.0,,,
32,10069,,,,1.0,,,
32,10074,,,,1.0,,,
32,10079,,,,1.0,,,
32,10084,,,,1.0,,,
32,10089,,,,1.0,,,
32,10094,,,,1.0,,,
32,10099,,,,0.96875,,,
32,10104,,,,1.0,,,
32,10109,,,,1.0,,,
32,10114,,,,1.0,,,
32,10119,,,,1.0,,,
32,10124,,,,1.0,,,
32,10129,,,,1.0,,,
32,10134,,,,1.0,,,
32,10139,,,,0.9375,,,
32,10144,,,,1.0,,,
32,10149,,,,0.9375,,,
32,10154,,,,1.0,,,
32,10159,,,,1.0,,,
32,10164,,,,1.0,,,
32,10169,,,,1.0,,,
32,10174,,,,0.96875,,,
32,10179,,,,1.0,,,
32,10184,,,,0.96875,,,
32,10189,,,,1.0,,,
32,10194,,,,0.96875,,,
32,10199,,,,1.0,,,
32,10204,,,,1.0,,,
32,10209,,,,1.0,,,
32,10214,,,,1.0,,,
32,10219,,,,1.0,,,
32,10224,,,,0.96875,,,
32,10229,,,,1.0,,,
32,10234,,,,1.0,,,
32,10239,,,,1.0,,,
32,10244,,,,0.96875,,,
32,10249,,,,0.96875,,,
32,10254,,,,1.0,,,
32,10259,,,,1.0,,,
32,10264,,,,1.0,,,
32,10269,,,,1.0,,,
32,10274,,,,1.0,,,
32,10279,,,,1.0,,,
32,10284,,,,1.0,,,
32,10289,,,,1.0,,,
32,10294,,,,1.0,,,
32,10299,,,,1.0,,,
32,10304,,,,1.0,,,
32,10309,,,,1.0,,,
32,10314,,,,0.96875,,,
32,10319,,,,1.0,,,
32,10324,,,,1.0,,,
32,10328,,,,,,0.9750000238418579,0.08944878727197647
32,10328,,,0.9940999746322632,,0.05890250951051712,,
33,10329,,,,1.0,,,
33,10334,,,,1.0,,,
33,10339,,,,1.0,,,
33,10344,,,,1.0,,,
33,10349,,,,1.0,,,
33,10354,,,,0.96875,,,
33,10359,,,,1.0,,,
33,10364,,,,1.0,,,
33,10369,,,,0.96875,,,
33,10374,,,,1.0,,,
33,10379,,,,1.0,,,
33,10384,,,,1.0,,,
33,10389,,,,0.9375,,,
33,10394,,,,1.0,,,
33,10399,,,,1.0,,,
33,10404,,,,1.0,,,
33,10409,,,,1.0,,,
33,10414,,,,1.0,,,
33,10419,,,,1.0,,,
33,10424,,,,1.0,,,
33,10429,,,,0.96875,,,
33,10434,,,,0.9375,,,
33,10439,,,,1.0,,,
33,10444,,,,1.0,,,
33,10449,,,,1.0,,,
33,10454,,,,1.0,,,
33,10459,,,,1.0,,,
33,10464,,,,1.0,,,
33,10469,,,,1.0,,,
33,10474,,,,1.0,,,
33,10479,,,,1.0,,,
33,10484,,,,1.0,,,
33,10489,,,,0.96875,,,
33,10494,,,,1.0,,,
33,10499,,,,1.0,,,
33,10504,,,,0.96875,,,
33,10509,,,,1.0,,,
33,10514,,,,1.0,,,
33,10519,,,,1.0,,,
33,10524,,,,1.0,,,
33,10529,,,,1.0,,,
33,10534,,,,1.0,,,
33,10539,,,,1.0,,,
33,10544,,,,1.0,,,
33,10549,,,,0.96875,,,
33,10554,,,,1.0,,,
33,10559,,,,1.0,,,
33,10564,,,,1.0,,,
33,10569,,,,0.96875,,,
33,10574,,,,1.0,,,
33,10579,,,,1.0,,,
33,10584,,,,1.0,,,
33,10589,,,,1.0,,,
33,10594,,,,1.0,,,
33,10599,,,,0.96875,,,
33,10604,,,,1.0,,,
33,10609,,,,1.0,,,
33,10614,,,,1.0,,,
33,10619,,,,1.0,,,
33,10624,,,,1.0,,,
33,10629,,,,1.0,,,
33,10634,,,,0.96875,,,
33,10639,,,,1.0,,,
33,10641,,,,,,0.9980000257492065,0.0488634817302227
33,10641,,,0.9954000115394592,,0.053948260843753815,,
34,10644,,,,1.0,,,
34,10649,,,,1.0,,,
34,10654,,,,1.0,,,
34,10659,,,,1.0,,,
34,10664,,,,1.0,,,
34,10669,,,,1.0,,,
34,10674,,,,0.9375,,,
34,10679,,,,1.0,,,
34,10684,,,,1.0,,,
34,10689,,,,1.0,,,
34,10694,,,,1.0,,,
34,10699,,,,1.0,,,
34,10704,,,,1.0,,,
34,10709,,,,0.96875,,,
34,10714,,,,1.0,,,
34,10719,,,,1.0,,,
34,10724,,,,1.0,,,
34,10729,,,,1.0,,,
34,10734,,,,1.0,,,
34,10739,,,,1.0,,,
34,10744,,,,1.0,,,
34,10749,,,,0.96875,,,
34,10754,,,,1.0,,,
34,10759,,,,1.0,,,
34,10764,,,,1.0,,,
34,10769,,,,1.0,,,
34,10774,,,,1.0,,,
34,10779,,,,1.0,,,
34,10784,,,,1.0,,,
34,10789,,,,1.0,,,
34,10794,,,,1.0,,,
34,10799,,,,1.0,,,
34,10804,,,,1.0,,,
34,10809,,,,1.0,,,
34,10814,,,,1.0,,,
34,10819,,,,1.0,,,
34,10824,,,,0.96875,,,
34,10829,,,,1.0,,,
34,10834,,,,1.0,,,
34,10839,,,,1.0,,,
34,10844,,,,1.0,,,
34,10849,,,,1.0,,,
34,10854,,,,1.0,,,
34,10859,,,,1.0,,,
34,10864,,,,1.0,,,
34,10869,,,,0.96875,,,
34,10874,,,,1.0,,,
34,10879,,,,1.0,,,
34,10884,,,,1.0,,,
34,10889,,,,1.0,,,
34,10894,,,,1.0,,,
34,10899,,,,1.0,,,
34,10904,,,,1.0,,,
34,10909,,,,1.0,,,
34,10914,,,,1.0,,,
34,10919,,,,1.0,,,
34,10924,,,,1.0,,,
34,10929,,,,1.0,,,
34,10934,,,,0.84375,,,
34,10939,,,,1.0,,,
34,10944,,,,1.0,,,
34,10949,,,,1.0,,,
34,10954,,,,1.0,,,
34,10954,,,,,,0.9990000128746033,0.045158740133047104
34,10954,,,0.9957000017166138,,0.051668908447027206,,
35,10959,,,,1.0,,,
35,10964,,,,1.0,,,
35,10969,,,,1.0,,,
35,10974,,,,1.0,,,
35,10979,,,,1.0,,,
35,10984,,,,1.0,,,
35,10989,,,,1.0,,,
35,10994,,,,1.0,,,
35,10999,,,,1.0,,,
35,11004,,,,1.0,,,
35,11009,,,,1.0,,,
35,11014,,,,1.0,,,
35,11019,,,,0.96875,,,
35,11024,,,,1.0,,,
35,11029,,,,1.0,,,
35,11034,,,,1.0,,,
35,11039,,,,1.0,,,
35,11044,,,,1.0,,,
35,11049,,,,1.0,,,
35,11054,,,,1.0,,,
35,11059,,,,1.0,,,
35,11064,,,,1.0,,,
35,11069,,,,0.96875,,,
35,11074,,,,1.0,,,
35,11079,,,,1.0,,,
35,11084,,,,1.0,,,
35,11089,,,,1.0,,,
35,11094,,,,1.0,,,
35,11099,,,,1.0,,,
35,11104,,,,1.0,,,
35,11109,,,,1.0,,,
35,11114,,,,1.0,,,
35,11119,,,,1.0,,,
35,11124,,,,1.0,,,
35,11129,,,,1.0,,,
35,11134,,,,1.0,,,
35,11139,,,,1.0,,,
35,11144,,,,1.0,,,
35,11149,,,,0.96875,,,
35,11154,,,,1.0,,,
35,11159,,,,0.9375,,,
35,11164,,,,1.0,,,
35,11169,,,,1.0,,,
35,11174,,,,1.0,,,
35,11179,,,,1.0,,,
35,11184,,,,1.0,,,
35,11189,,,,1.0,,,
35,11194,,,,1.0,,,
35,11199,,,,1.0,,,
35,11204,,,,1.0,,,
35,11209,,,,1.0,,,
35,11214,,,,1.0,,,
35,11219,,,,1.0,,,
35,11224,,,,1.0,,,
35,11229,,,,0.96875,,,
35,11234,,,,1.0,,,
35,11239,,,,1.0,,,
35,11244,,,,1.0,,,
35,11249,,,,1.0,,,
35,11254,,,,1.0,,,
35,11259,,,,1.0,,,
35,11264,,,,1.0,,,
35,11267,,,,,,1.0,0.037834394723176956
35,11267,,,0.996399998664856,,0.045727554708719254,,
36,11269,,,,1.0,,,
36,11274,,,,1.0,,,
36,11279,,,,1.0,,,
36,11284,,,,1.0,,,
36,11289,,,,1.0,,,
36,11294,,,,1.0,,,
36,11299,,,,1.0,,,
36,11304,,,,1.0,,,
36,11309,,,,1.0,,,
36,11314,,,,1.0,,,
36,11319,,,,1.0,,,
36,11324,,,,0.875,,,
36,11329,,,,1.0,,,
36,11334,,,,1.0,,,
36,11339,,,,1.0,,,
36,11344,,,,1.0,,,
36,11349,,,,1.0,,,
36,11354,,,,1.0,,,
36,11359,,,,1.0,,,
36,11364,,,,1.0,,,
36,11369,,,,1.0,,,
36,11374,,,,1.0,,,
36,11379,,,,1.0,,,
36,11384,,,,1.0,,,
36,11389,,,,1.0,,,
36,11394,,,,1.0,,,
36,11399,,,,1.0,,,
36,11404,,,,1.0,,,
36,11409,,,,1.0,,,
36,11414,,,,1.0,,,
36,11419,,,,1.0,,,
36,11424,,,,1.0,,,
36,11429,,,,1.0,,,
36,11434,,,,1.0,,,
36,11439,,,,1.0,,,
36,11444,,,,0.96875,,,
36,11449,,,,1.0,,,
36,11454,,,,1.0,,,
36,11459,,,,1.0,,,
36,11464,,,,1.0,,,
36,11469,,,,1.0,,,
36,11474,,,,1.0,,,
36,11479,,,,0.96875,,,
36,11484,,,,1.0,,,
36,11489,,,,1.0,,,
36,11494,,,,1.0,,,
36,11499,,,,1.0,,,
36,11504,,,,1.0,,,
36,11509,,,,1.0,,,
36,11514,,,,1.0,,,
36,11519,,,,0.96875,,,
36,11524,,,,1.0,,,
36,11529,,,,1.0,,,
36,11534,,,,1.0,,,
36,11539,,,,1.0,,,
36,11544,,,,1.0,,,
36,11549,,,,1.0,,,
36,11554,,,,1.0,,,
36,11559,,,,1.0,,,
36,11564,,,,1.0,,,
36,11569,,,,1.0,,,
36,11574,,,,1.0,,,
36,11579,,,,1.0,,,
36,11580,,,,,,0.9990000128746033,0.03693433478474617
36,11580,,,0.9966999888420105,,0.045624230057001114,,
37,11584,,,,1.0,,,
37,11589,,,,1.0,,,
37,11594,,,,1.0,,,
37,11599,,,,1.0,,,
37,11604,,,,1.0,,,
37,11609,,,,1.0,,,
37,11614,,,,1.0,,,
37,11619,,,,1.0,,,
37,11624,,,,1.0,,,
37,11629,,,,1.0,,,
37,11634,,,,1.0,,,
37,11639,,,,1.0,,,
37,11644,,,,1.0,,,
37,11649,,,,1.0,,,
37,11654,,,,1.0,,,
37,11659,,,,1.0,,,
37,11664,,,,1.0,,,
37,11669,,,,1.0,,,
37,11674,,,,1.0,,,
37,11679,,,,1.0,,,
37,11684,,,,0.9375,,,
37,11689,,,,1.0,,,
37,11694,,,,1.0,,,
37,11699,,,,1.0,,,
37,11704,,,,1.0,,,
37,11709,,,,1.0,,,
37,11714,,,,1.0,,,
37,11719,,,,0.96875,,,
37,11724,,,,1.0,,,
37,11729,,,,1.0,,,
37,11734,,,,1.0,,,
37,11739,,,,1.0,,,
37,11744,,,,1.0,,,
37,11749,,,,1.0,,,
37,11754,,,,1.0,,,
37,11759,,,,0.96875,,,
37,11764,,,,1.0,,,
37,11769,,,,1.0,,,
37,11774,,,,1.0,,,
37,11779,,,,1.0,,,
37,11784,,,,1.0,,,
37,11789,,,,1.0,,,
37,11794,,,,1.0,,,
37,11799,,,,1.0,,,
37,11804,,,,1.0,,,
37,11809,,,,1.0,,,
37,11814,,,,1.0,,,
37,11819,,,,1.0,,,
37,11824,,,,1.0,,,
37,11829,,,,0.90625,,,
37,11834,,,,1.0,,,
37,11839,,,,1.0,,,
37,11844,,,,1.0,,,
37,11849,,,,1.0,,,
37,11854,,,,1.0,,,
37,11859,,,,1.0,,,
37,11864,,,,1.0,,,
37,11869,,,,1.0,,,
37,11874,,,,1.0,,,
37,11879,,,,1.0,,,
37,11884,,,,1.0,,,
37,11889,,,,1.0,,,
37,11893,,,,,,0.9919999837875366,0.056882768869400024
37,11893,,,0.9975000023841858,,0.03849555924534798,,
38,11894,,,,1.0,,,
38,11899,,,,1.0,,,
38,11904,,,,1.0,,,
38,11909,,,,1.0,,,
38,11914,,,,1.0,,,
38,11919,,,,1.0,,,
38,11924,,,,1.0,,,
38,11929,,,,1.0,,,
38,11934,,,,0.90625,,,
38,11939,,,,0.90625,,,
38,11944,,,,1.0,,,
38,11949,,,,1.0,,,
38,11954,,,,1.0,,,
38,11959,,,,1.0,,,
38,11964,,,,1.0,,,
38,11969,,,,1.0,,,
38,11974,,,,1.0,,,
38,11979,,,,1.0,,,
38,11984,,,,1.0,,,
38,11989,,,,1.0,,,
38,11994,,,,1.0,,,
38,11999,,,,1.0,,,
38,12004,,,,1.0,,,
38,12009,,,,1.0,,,
38,12014,,,,1.0,,,
38,12019,,,,1.0,,,
38,12024,,,,1.0,,,
38,12029,,,,1.0,,,
38,12034,,,,1.0,,,
38,12039,,,,1.0,,,
38,12044,,,,1.0,,,
38,12049,,,,0.96875,,,
38,12054,,,,1.0,,,
38,12059,,,,1.0,,,
38,12064,,,,1.0,,,
38,12069,,,,1.0,,,
38,12074,,,,1.0,,,
38,12079,,,,1.0,,,
38,12084,,,,1.0,,,
38,12089,,,,1.0,,,
38,12094,,,,1.0,,,
38,12099,,,,1.0,,,
38,12104,,,,1.0,,,
38,12109,,,,1.0,,,
38,12114,,,,1.0,,,
38,12119,,,,1.0,,,
38,12124,,,,1.0,,,
38,12129,,,,1.0,,,
38,12134,,,,1.0,,,
38,12139,,,,1.0,,,
38,12144,,,,1.0,,,
38,12149,,,,1.0,,,
38,12154,,,,0.96875,,,
38,12159,,,,1.0,,,
38,12164,,,,1.0,,,
38,12169,,,,1.0,,,
38,12174,,,,1.0,,,
38,12179,,,,1.0,,,
38,12184,,,,1.0,,,
38,12189,,,,1.0,,,
38,12194,,,,1.0,,,
38,12199,,,,1.0,,,
38,12204,,,,1.0,,,
38,12206,,,,,,0.9990000128746033,0.030936148017644882
38,12206,,,0.9970999956130981,,0.03773291036486626,,
39,12209,,,,1.0,,,
39,12214,,,,0.9375,,,
39,12219,,,,1.0,,,
39,12224,,,,1.0,,,
39,12229,,,,1.0,,,
39,12234,,,,1.0,,,
39,12239,,,,1.0,,,
39,12244,,,,1.0,,,
39,12249,,,,1.0,,,
39,12254,,,,1.0,,,
39,12259,,,,1.0,,,
39,12264,,,,1.0,,,
39,12269,,,,1.0,,,
39,12274,,,,1.0,,,
39,12279,,,,1.0,,,
39,12284,,,,1.0,,,
39,12289,,,,1.0,,,
39,12294,,,,1.0,,,
39,12299,,,,1.0,,,
39,12304,,,,1.0,,,
39,12309,,,,1.0,,,
39,12314,,,,1.0,,,
39,12319,,,,1.0,,,
39,12324,,,,1.0,,,
39,12329,,,,0.875,,,
39,12334,,,,1.0,,,
39,12339,,,,1.0,,,
39,12344,,,,1.0,,,
39,12349,,,,1.0,,,
39,12354,,,,1.0,,,
39,12359,,,,1.0,,,
39,12364,,,,1.0,,,
39,12369,,,,1.0,,,
39,12374,,,,1.0,,,
39,12379,,,,1.0,,,
39,12384,,,,1.0,,,
39,12389,,,,1.0,,,
39,12394,,,,1.0,,,
39,12399,,,,1.0,,,
39,12404,,,,1.0,,,
39,12409,,,,1.0,,,
39,12414,,,,1.0,,,
39,12419,,,,1.0,,,
39,12424,,,,1.0,,,
39,12429,,,,1.0,,,
39,12434,,,,1.0,,,
39,12439,,,,1.0,,,
39,12444,,,,1.0,,,
39,12449,,,,1.0,,,
39,12454,,,,1.0,,,
39,12459,,,,1.0,,,
39,12464,,,,1.0,,,
39,12469,,,,1.0,,,
39,12474,,,,1.0,,,
39,12479,,,,1.0,,,
39,12484,,,,1.0,,,
39,12489,,,,1.0,,,
39,12494,,,,1.0,,,
39,12499,,,,1.0,,,
39,12504,,,,1.0,,,
39,12509,,,,1.0,,,
39,12514,,,,1.0,,,
39,12519,,,,1.0,,,
39,12519,,,,,,1.0,0.026140693575143814
39,12519,,,0.9972000122070312,,0.03648631274700165,,
40,12524,,,,1.0,,,
40,12529,,,,1.0,,,
40,12534,,,,1.0,,,
40,12539,,,,1.0,,,
40,12544,,,,1.0,,,
40,12549,,,,0.9375,,,
40,12554,,,,1.0,,,
40,12559,,,,1.0,,,
40,12564,,,,1.0,,,
40,12569,,,,1.0,,,
40,12574,,,,1.0,,,
40,12579,,,,1.0,,,
40,12584,,,,1.0,,,
40,12589,,,,1.0,,,
40,12594,,,,1.0,,,
40,12599,,,,1.0,,,
40,12604,,,,1.0,,,
40,12609,,,,1.0,,,
40,12614,,,,1.0,,,
40,12619,,,,1.0,,,
40,12624,,,,1.0,,,
40,12629,,,,1.0,,,
40,12634,,,,0.96875,,,
40,12639,,,,1.0,,,
40,12644,,,,1.0,,,
40,12649,,,,1.0,,,
40,12654,,,,1.0,,,
40,12659,,,,1.0,,,
40,12664,,,,1.0,,,
40,12669,,,,1.0,,,
40,12674,,,,0.96875,,,
40,12679,,,,1.0,,,
40,12684,,,,1.0,,,
40,12689,,,,1.0,,,
40,12694,,,,1.0,,,
40,12699,,,,1.0,,,
40,12704,,,,1.0,,,
40,12709,,,,1.0,,,
40,12714,,,,1.0,,,
40,12719,,,,1.0,,,
40,12724,,,,1.0,,,
40,12729,,,,1.0,,,
40,12734,,,,1.0,,,
40,12739,,,,1.0,,,
40,12744,,,,1.0,,,
40,12749,,,,1.0,,,
40,12754,,,,0.96875,,,
40,12759,,,,1.0,,,
40,12764,,,,1.0,,,
40,12769,,,,1.0,,,
40,12774,,,,1.0,,,
40,12779,,,,1.0,,,
40,12784,,,,1.0,,,
40,12789,,,,1.0,,,
40,12794,,,,1.0,,,
40,12799,,,,1.0,,,
40,12804,,,,1.0,,,
40,12809,,,,1.0,,,
40,12814,,,,1.0,,,
40,12819,,,,1.0,,,
40,12824,,,,1.0,,,
40,12829,,,,0.96875,,,
40,12832,,,,,,1.0,0.027098732069134712
40,12832,,,0.9952999949455261,,0.0363338440656662,,
41,12834,,,,1.0,,,
41,12839,,,,1.0,,,
41,12844,,,,1.0,,,
41,12849,,,,1.0,,,
41,12854,,,,1.0,,,
41,12859,,,,1.0,,,
41,12864,,,,1.0,,,
41,12869,,,,1.0,,,
41,12874,,,,1.0,,,
41,12879,,,,1.0,,,
41,12884,,,,1.0,,,
41,12889,,,,1.0,,,
41,12894,,,,1.0,,,
41,12899,,,,1.0,,,
41,12904,,,,1.0,,,
41,12909,,,,1.0,,,
41,12914,,,,1.0,,,
41,12919,,,,1.0,,,
41,12924,,,,1.0,,,
41,12929,,,,1.0,,,
41,12934,,,,1.0,,,
41,12939,,,,1.0,,,
41,12944,,,,1.0,,,
41,12949,,,,1.0,,,
41,12954,,,,1.0,,,
41,12959,,,,1.0,,,
41,12964,,,,1.0,,,
41,12969,,,,0.96875,,,
41,12974,,,,0.96875,,,
41,12979,,,,1.0,,,
41,12984,,,,1.0,,,
41,12989,,,,1.0,,,
41,12994,,,,1.0,,,
41,12999,,,,1.0,,,
41,13004,,,,1.0,,,
41,13009,,,,1.0,,,
41,13014,,,,1.0,,,
41,13019,,,,1.0,,,
41,13024,,,,1.0,,,
41,13029,,,,1.0,,,
41,13034,,,,1.0,,,
41,13039,,,,1.0,,,
41,13044,,,,1.0,,,
41,13049,,,,1.0,,,
41,13054,,,,1.0,,,
41,13059,,,,1.0,,,
41,13064,,,,1.0,,,
41,13069,,,,1.0,,,
41,13074,,,,0.96875,,,
41,13079,,,,1.0,,,
41,13084,,,,1.0,,,
41,13089,,,,1.0,,,
41,13094,,,,1.0,,,
41,13099,,,,1.0,,,
41,13104,,,,1.0,,,
41,13109,,,,1.0,,,
41,13114,,,,1.0,,,
41,13119,,,,1.0,,,
41,13124,,,,1.0,,,
41,13129,,,,1.0,,,
41,13134,,,,1.0,,,
41,13139,,,,1.0,,,
41,13144,,,,1.0,,,
41,13145,,,,,,0.9990000128746033,0.025573845952749252
41,13145,,,0.9983000159263611,,0.03012962080538273,,
42,13149,,,,1.0,,,
42,13154,,,,1.0,,,
42,13159,,,,1.0,,,
42,13164,,,,1.0,,,
42,13169,,,,1.0,,,
42,13174,,,,1.0,,,
42,13179,,,,1.0,,,
42,13184,,,,1.0,,,
42,13189,,,,1.0,,,
42,13194,,,,1.0,,,
42,13199,,,,1.0,,,
42,13204,,,,1.0,,,
42,13209,,,,1.0,,,
42,13214,,,,1.0,,,
42,13219,,,,1.0,,,
42,13224,,,,1.0,,,
42,13229,,,,1.0,,,
42,13234,,,,1.0,,,
42,13239,,,,1.0,,,
42,13244,,,,1.0,,,
42,13249,,,,1.0,,,
42,13254,,,,1.0,,,
42,13259,,,,1.0,,,
42,13264,,,,1.0,,,
42,13269,,,,1.0,,,
42,13274,,,,1.0,,,
42,13279,,,,1.0,,,
42,13284,,,,1.0,,,
42,13289,,,,1.0,,,
42,13294,,,,1.0,,,
42,13299,,,,1.0,,,
42,13304,,,,1.0,,,
42,13309,,,,1.0,,,
42,13314,,,,1.0,,,
42,13319,,,,1.0,,,
42,13324,,,,1.0,,,
42,13329,,,,1.0,,,
42,13334,,,,1.0,,,
42,13339,,,,1.0,,,
42,13344,,,,1.0,,,
42,13349,,,,1.0,,,
42,13354,,,,1.0,,,
42,13359,,,,1.0,,,
42,13364,,,,1.0,,,
42,13369,,,,1.0,,,
42,13374,,,,1.0,,,
42,13379,,,,1.0,,,
42,13384,,,,1.0,,,
42,13389,,,,1.0,,,
42,13394,,,,1.0,,,
42,13399,,,,0.96875,,,
42,13404,,,,1.0,,,
42,13409,,,,1.0,,,
42,13414,,,,1.0,,,
42,13419,,,,1.0,,,
42,13424,,,,1.0,,,
42,13429,,,,1.0,,,
42,13434,,,,1.0,,,
42,13439,,,,1.0,,,
42,13444,,,,1.0,,,
42,13449,,,,1.0,,,
42,13454,,,,1.0,,,
42,13458,,,,,,0.9990000128746033,0.03200326859951019
42,13458,,,0.9977999925613403,,0.030079804360866547,,
43,13459,,,,1.0,,,
43,13464,,,,1.0,,,
43,13469,,,,1.0,,,
43,13474,,,,1.0,,,
43,13479,,,,0.90625,,,
43,13484,,,,1.0,,,
43,13489,,,,1.0,,,
43,13494,,,,1.0,,,
43,13499,,,,1.0,,,
43,13504,,,,1.0,,,
43,13509,,,,1.0,,,
43,13514,,,,1.0,,,
43,13519,,,,1.0,,,
43,13524,,,,1.0,,,
43,13529,,,,1.0,,,
43,13534,,,,1.0,,,
43,13539,,,,1.0,,,
43,13544,,,,1.0,,,
43,13549,,,,1.0,,,
43,13554,,,,1.0,,,
43,13559,,,,1.0,,,
43,13564,,,,1.0,,,
43,13569,,,,1.0,,,
43,13574,,,,1.0,,,
43,13579,,,,1.0,,,
43,13584,,,,1.0,,,
43,13589,,,,1.0,,,
43,13594,,,,1.0,,,
43,13599,,,,1.0,,,
43,13604,,,,1.0,,,
43,13609,,,,1.0,,,
43,13614,,,,1.0,,,
43,13619,,,,1.0,,,
43,13624,,,,1.0,,,
43,13629,,,,1.0,,,
43,13634,,,,1.0,,,
43,13639,,,,1.0,,,
43,13644,,,,1.0,,,
43,13649,,,,1.0,,,
43,13654,,,,1.0,,,
43,13659,,,,1.0,,,
43,13664,,,,1.0,,,
43,13669,,,,0.9375,,,
43,13674,,,,0.96875,,,
43,13679,,,,1.0,,,
43,13684,,,,1.0,,,
43,13689,,,,1.0,,,
43,13694,,,,1.0,,,
43,13699,,,,1.0,,,
43,13704,,,,1.0,,,
43,13709,,,,1.0,,,
43,13714,,,,1.0,,,
43,13719,,,,1.0,,,
43,13724,,,,1.0,,,
43,13729,,,,1.0,,,
43,13734,,,,1.0,,,
43,13739,,,,1.0,,,
43,13744,,,,1.0,,,
43,13749,,,,1.0,,,
43,13754,,,,1.0,,,
43,13759,,,,1.0,,,
43,13764,,,,1.0,,,
43,13769,,,,1.0,,,
43,13771,,,,,,1.0,0.020762059837579727
43,13771,,,0.9962999820709229,,0.03705195337533951,,
44,13774,,,,1.0,,,
44,13779,,,,1.0,,,
44,13784,,,,1.0,,,
44,13789,,,,1.0,,,
44,13794,,,,1.0,,,
44,13799,,,,1.0,,,
44,13804,,,,1.0,,,
44,13809,,,,1.0,,,
44,13814,,,,1.0,,,
44,13819,,,,1.0,,,
44,13824,,,,1.0,,,
44,13829,,,,1.0,,,
44,13834,,,,1.0,,,
44,13839,,,,1.0,,,
44,13844,,,,1.0,,,
44,13849,,,,1.0,,,
44,13854,,,,1.0,,,
44,13859,,,,1.0,,,
44,13864,,,,1.0,,,
44,13869,,,,1.0,,,
44,13874,,,,1.0,,,
44,13879,,,,1.0,,,
44,13884,,,,1.0,,,
44,13889,,,,1.0,,,
44,13894,,,,1.0,,,
44,13899,,,,1.0,,,
44,13904,,,,1.0,,,
44,13909,,,,1.0,,,
44,13914,,,,1.0,,,
44,13919,,,,1.0,,,
44,13924,,,,1.0,,,
44,13929,,,,1.0,,,
44,13934,,,,0.96875,,,
44,13939,,,,1.0,,,
44,13944,,,,1.0,,,
44,13949,,,,1.0,,,
44,13954,,,,1.0,,,
44,13959,,,,1.0,,,
44,13964,,,,1.0,,,
44,13969,,,,1.0,,,
44,13974,,,,1.0,,,
44,13979,,,,1.0,,,
44,13984,,,,1.0,,,
44,13989,,,,1.0,,,
44,13994,,,,1.0,,,
44,13999,,,,1.0,,,
44,14004,,,,1.0,,,
44,14009,,,,1.0,,,
44,14014,,,,1.0,,,
44,14019,,,,1.0,,,
44,14024,,,,1.0,,,
44,14029,,,,1.0,,,
44,14034,,,,1.0,,,
44,14039,,,,1.0,,,
44,14044,,,,1.0,,,
44,14049,,,,1.0,,,
44,14054,,,,1.0,,,
44,14059,,,,1.0,,,
44,14064,,,,1.0,,,
44,14069,,,,1.0,,,
44,14074,,,,0.96875,,,
44,14079,,,,1.0,,,
44,14084,,,,1.0,,,
44,14084,,,,,,1.0,0.01998215913772583
44,14084,,,0.9987000226974487,,0.02366337738931179,,
45,14089,,,,0.9375,,,
45,14094,,,,0.96875,,,
45,14099,,,,1.0,,,
45,14104,,,,1.0,,,
45,14109,,,,1.0,,,
45,14114,,,,1.0,,,
45,14119,,,,1.0,,,
45,14124,,,,1.0,,,
45,14129,,,,1.0,,,
45,14134,,,,1.0,,,
45,14139,,,,1.0,,,
45,14144,,,,1.0,,,
45,14149,,,,1.0,,,
45,14154,,,,1.0,,,
45,14159,,,,1.0,,,
45,14164,,,,1.0,,,
45,14169,,,,1.0,,,
45,14174,,,,1.0,,,
45,14179,,,,1.0,,,
45,14184,,,,1.0,,,
45,14189,,,,1.0,,,
45,14194,,,,1.0,,,
45,14199,,,,1.0,,,
45,14204,,,,1.0,,,
45,14209,,,,1.0,,,
45,14214,,,,1.0,,,
45,14219,,,,1.0,,,
45,14224,,,,1.0,,,
45,14229,,,,1.0,,,
45,14234,,,,1.0,,,
45,14239,,,,0.9375,,,
45,14244,,,,1.0,,,
45,14249,,,,1.0,,,
45,14254,,,,1.0,,,
45,14259,,,,1.0,,,
45,14264,,,,1.0,,,
45,14269,,,,1.0,,,
45,14274,,,,1.0,,,
45,14279,,,,1.0,,,
45,14284,,,,1.0,,,
45,14289,,,,1.0,,,
45,14294,,,,1.0,,,
45,14299,,,,1.0,,,
45,14304,,,,1.0,,,
45,14309,,,,1.0,,,
45,14314,,,,1.0,,,
45,14319,,,,1.0,,,
45,14324,,,,1.0,,,
45,14329,,,,1.0,,,
45,14334,,,,1.0,,,
45,14339,,,,1.0,,,
45,14344,,,,1.0,,,
45,14349,,,,1.0,,,
45,14354,,,,1.0,,,
45,14359,,,,1.0,,,
45,14364,,,,1.0,,,
45,14369,,,,1.0,,,
45,14374,,,,1.0,,,
45,14379,,,,1.0,,,
45,14384,,,,1.0,,,
45,14389,,,,1.0,,,
45,14394,,,,1.0,,,
45,14397,,,,,,0.9919999837875366,0.038794197142124176
45,14397,,,0.9977999925613403,,0.028109710663557053,,
46,14399,,,,1.0,,,
46,14404,,,,1.0,,,
46,14409,,,,1.0,,,
46,14414,,,,1.0,,,
46,14419,,,,1.0,,,
46,14424,,,,0.9375,,,
46,14429,,,,1.0,,,
46,14434,,,,1.0,,,
46,14439,,,,1.0,,,
46,14444,,,,1.0,,,
46,14449,,,,1.0,,,
46,14454,,,,1.0,,,
46,14459,,,,1.0,,,
46,14464,,,,1.0,,,
46,14469,,,,1.0,,,
46,14474,,,,1.0,,,
46,14479,,,,1.0,,,
46,14484,,,,1.0,,,
46,14489,,,,1.0,,,
46,14494,,,,0.96875,,,
46,14499,,,,1.0,,,
46,14504,,,,1.0,,,
46,14509,,,,1.0,,,
46,14514,,,,1.0,,,
46,14519,,,,1.0,,,
46,14524,,,,1.0,,,
46,14529,,,,1.0,,,
46,14534,,,,1.0,,,
46,14539,,,,1.0,,,
46,14544,,,,1.0,,,
46,14549,,,,1.0,,,
46,14554,,,,1.0,,,
46,14559,,,,1.0,,,
46,14564,,,,1.0,,,
46,14569,,,,1.0,,,
46,14574,,,,1.0,,,
46,14579,,,,1.0,,,
46,14584,,,,1.0,,,
46,14589,,,,1.0,,,
46,14594,,,,0.96875,,,
46,14599,,,,1.0,,,
46,14604,,,,1.0,,,
46,14609,,,,1.0,,,
46,14614,,,,1.0,,,
46,14619,,,,1.0,,,
46,14624,,,,1.0,,,
46,14629,,,,1.0,,,
46,14634,,,,1.0,,,
46,14639,,,,1.0,,,
46,14644,,,,1.0,,,
46,14649,,,,1.0,,,
46,14654,,,,0.875,,,
46,14659,,,,1.0,,,
46,14664,,,,1.0,,,
46,14669,,,,1.0,,,
46,14674,,,,1.0,,,
46,14679,,,,1.0,,,
46,14684,,,,1.0,,,
46,14689,,,,1.0,,,
46,14694,,,,1.0,,,
46,14699,,,,1.0,,,
46,14704,,,,1.0,,,
46,14709,,,,1.0,,,
46,14710,,,,,,1.0,0.01900031976401806
46,14710,,,0.9958000183105469,,0.03013153374195099,,
47,14714,,,,1.0,,,
47,14719,,,,1.0,,,
47,14724,,,,1.0,,,
47,14729,,,,1.0,,,
47,14734,,,,1.0,,,
47,14739,,,,1.0,,,
47,14744,,,,1.0,,,
47,14749,,,,1.0,,,
47,14754,,,,1.0,,,
47,14759,,,,1.0,,,
47,14764,,,,1.0,,,
47,14769,,,,1.0,,,
47,14774,,,,1.0,,,
47,14779,,,,1.0,,,
47,14784,,,,1.0,,,
47,14789,,,,1.0,,,
47,14794,,,,1.0,,,
47,14799,,,,1.0,,,
47,14804,,,,1.0,,,
47,14809,,,,1.0,,,
47,14814,,,,1.0,,,
47,14819,,,,1.0,,,
47,14824,,,,1.0,,,
47,14829,,,,1.0,,,
47,14834,,,,1.0,,,
47,14839,,,,0.96875,,,
47,14844,,,,1.0,,,
47,14849,,,,1.0,,,
47,14854,,,,1.0,,,
47,14859,,,,1.0,,,
47,14864,,,,1.0,,,
47,14869,,,,1.0,,,
47,14874,,,,1.0,,,
47,14879,,,,1.0,,,
47,14884,,,,1.0,,,
47,14889,,,,1.0,,,
47,14894,,,,1.0,,,
47,14899,,,,1.0,,,
47,14904,,,,1.0,,,
47,14909,,,,1.0,,,
47,14914,,,,1.0,,,
47,14919,,,,1.0,,,
47,14924,,,,1.0,,,
47,14929,,,,1.0,,,
47,14934,,,,1.0,,,
47,14939,,,,1.0,,,
47,14944,,,,1.0,,,
47,14949,,,,1.0,,,
47,14954,,,,1.0,,,
47,14959,,,,1.0,,,
47,14964,,,,1.0,,,
47,14969,,,,1.0,,,
47,14974,,,,0.9375,,,
47,14979,,,,1.0,,,
47,14984,,,,1.0,,,
47,14989,,,,1.0,,,
47,14994,,,,1.0,,,
47,14999,,,,1.0,,,
47,15004,,,,1.0,,,
47,15009,,,,0.9375,,,
47,15014,,,,1.0,,,
47,15019,,,,1.0,,,
47,15023,,,,,,1.0,0.01762409508228302
47,15023,,,0.9976000189781189,,0.023874029517173767,,
48,15024,,,,1.0,,,
48,15029,,,,1.0,,,
48,15034,,,,1.0,,,
48,15039,,,,1.0,,,
48,15044,,,,1.0,,,
48,15049,,,,1.0,,,
48,15054,,,,1.0,,,
48,15059,,,,1.0,,,
48,15064,,,,1.0,,,
48,15069,,,,1.0,,,
48,15074,,,,1.0,,,
48,15079,,,,1.0,,,
48,15084,,,,1.0,,,
48,15089,,,,1.0,,,
48,15094,,,,1.0,,,
48,15099,,,,1.0,,,
48,15104,,,,1.0,,,
48,15109,,,,1.0,,,
48,15114,,,,1.0,,,
48,15119,,,,1.0,,,
48,15124,,,,1.0,,,
48,15129,,,,1.0,,,
48,15134,,,,1.0,,,
48,15139,,,,1.0,,,
48,15144,,,,1.0,,,
48,15149,,,,1.0,,,
48,15154,,,,1.0,,,
48,15159,,,,1.0,,,
48,15164,,,,1.0,,,
48,15169,,,,1.0,,,
48,15174,,,,1.0,,,
48,15179,,,,1.0,,,
48,15184,,,,1.0,,,
48,15189,,,,1.0,,,
48,15194,,,,0.96875,,,
48,15199,,,,1.0,,,
48,15204,,,,0.96875,,,
48,15209,,,,0.9375,,,
48,15214,,,,1.0,,,
48,15219,,,,1.0,,,
48,15224,,,,1.0,,,
48,15229,,,,1.0,,,
48,15234,,,,1.0,,,
48,15239,,,,1.0,,,
48,15244,,,,1.0,,,
48,15249,,,,1.0,,,
48,15254,,,,1.0,,,
48,15259,,,,1.0,,,
48,15264,,,,1.0,,,
48,15269,,,,1.0,,,
48,15274,,,,1.0,,,
48,15279,,,,1.0,,,
48,15284,,,,1.0,,,
48,15289,,,,1.0,,,
48,15294,,,,1.0,,,
48,15299,,,,1.0,,,
48,15304,,,,1.0,,,
48,15309,,,,1.0,,,
48,15314,,,,1.0,,,
48,15319,,,,1.0,,,
48,15324,,,,1.0,,,
48,15329,,,,0.96875,,,
48,15334,,,,1.0,,,
48,15336,,,,,,1.0,0.017153583467006683
48,15336,,,0.9973000288009644,,0.025685297325253487,,
49,15339,,,,1.0,,,
49,15344,,,,1.0,,,
49,15349,,,,1.0,,,
49,15354,,,,1.0,,,
49,15359,,,,1.0,,,
49,15364,,,,1.0,,,
49,15369,,,,1.0,,,
49,15374,,,,1.0,,,
49,15379,,,,1.0,,,
49,15384,,,,1.0,,,
49,15389,,,,1.0,,,
49,15394,,,,1.0,,,
49,15399,,,,1.0,,,
49,15404,,,,1.0,,,
49,15409,,,,1.0,,,
49,15414,,,,1.0,,,
49,15419,,,,1.0,,,
49,15424,,,,1.0,,,
49,15429,,,,1.0,,,
49,15434,,,,1.0,,,
49,15439,,,,1.0,,,
49,15444,,,,1.0,,,
49,15449,,,,1.0,,,
49,15454,,,,1.0,,,
49,15459,,,,0.96875,,,
49,15464,,,,0.96875,,,
49,15469,,,,1.0,,,
49,15474,,,,1.0,,,
49,15479,,,,1.0,,,
49,15484,,,,1.0,,,
49,15489,,,,1.0,,,
49,15494,,,,1.0,,,
49,15499,,,,1.0,,,
49,15504,,,,1.0,,,
49,15509,,,,1.0,,,
49,15514,,,,1.0,,,
49,15519,,,,1.0,,,
49,15524,,,,1.0,,,
49,15529,,,,1.0,,,
49,15534,,,,1.0,,,
49,15539,,,,1.0,,,
49,15544,,,,1.0,,,
49,15549,,,,1.0,,,
49,15554,,,,1.0,,,
49,15559,,,,1.0,,,
49,15564,,,,1.0,,,
49,15569,,,,1.0,,,
49,15574,,,,1.0,,,
49,15579,,,,1.0,,,
49,15584,,,,0.96875,,,
49,15589,,,,1.0,,,
49,15594,,,,0.96875,,,
49,15599,,,,1.0,,,
49,15604,,,,1.0,,,
49,15609,,,,1.0,,,
49,15614,,,,1.0,,,
49,15619,,,,1.0,,,
49,15624,,,,1.0,,,
49,15629,,,,1.0,,,
49,15634,,,,1.0,,,
49,15639,,,,1.0,,,
49,15644,,,,1.0,,,
49,15649,,,,1.0,,,
49,15649,,,,,,1.0,0.016430538147687912
49,15649,,,0.9980999827384949,,0.02019282802939415,,
50,15650,1.0,0.016430538147687912,,,,,
